Gender,Married,Dependents,Education,Self_Employed,Loan_Amount,Loan_Amount_Term,Credit_History,Loan_Status,TotalIncome,Area_Semiurban,Area_Urban
1,0,0,0,0,-0.16804075784261274,0.2732312961117544,1,1,-0.12031623865000003,False,True
1,1,1,0,0,-0.16804075784261274,0.2732312961117544,1,0,-0.036096894491664394,False,False
1,1,0,0,1,-1.2804615159597479,0.2732312961117544,1,1,-1.1118076085140425,False,True
1,1,0,1,0,-0.3115789201803076,0.2732312961117544,1,1,-0.43631278615317676,False,True
1,0,0,0,0,0.06520875595614142,0.2732312961117544,1,1,-0.06776615200574929,False,True
1,1,2,0,1,2.22725232616767,0.2732312961117544,1,1,1.1896077754490717,False,True
1,1,0,1,0,-0.7601356774856041,0.2732312961117544,1,1,-0.8163438763221954,False,True
1,1,3,0,0,0.37022735092374304,0.2732312961117544,0,0,-0.22785250867035423,True,False
1,1,2,0,0,0.5496500538458616,0.2732312961117544,1,1,-0.230636619221043,False,True
1,1,1,0,0,2.22725232616767,0.2732312961117544,1,0,2.2135949356469347,True,False
1,1,2,0,0,-1.2086924347909005,0.2732312961117544,1,1,-0.7985951715615545,False,True
1,1,2,0,0,-0.5089438933946381,0.2732312961117544,1,1,-0.6454690912736715,False,True
1,1,2,0,0,1.123802703196641,0.2732312961117544,1,1,1.7345974157464008,False,True
1,0,0,0,0,-0.4192325419335788,0.2732312961117544,1,0,-0.522620213224529,False,False
1,1,2,0,0,-2.159632760278129,-3.4548579441686273,1,1,-1.3258361070982425,False,True
1,0,0,0,0,-0.22186756871924831,0.2732312961117544,1,1,-0.4331806617836519,False,True
1,0,1,1,0,-0.6704243260245448,-1.5908133240284363,1,1,-0.9043913724877282,False,True
0,0,0,0,0,-1.1010388130376294,0.2732312961117544,0,0,-0.9343205609076326,False,True
1,1,0,1,0,-0.07832940638155345,0.2732312961117544,1,0,-0.455105532370326,False,False
1,1,0,0,0,-0.4012902716413669,0.2732312961117544,1,1,-0.03296477012213951,False,True
1,1,0,1,0,-0.5986552448556973,0.2732312961117544,0,0,0.509936787262173,False,True
1,1,1,0,0,2.22725232616767,0.2732312961117544,1,1,1.874150957099676,False,True
1,1,0,1,0,-0.38334800134915503,0.2732312961117544,0,0,-0.5859587282526988,True,False
1,1,2,1,0,-0.4551170825180025,0.2732312961117544,0,0,-0.31764007393006743,False,False
1,1,1,0,0,0.24463145887826002,0.2732312961117544,1,0,0.15565871968702544,True,False
1,1,0,0,1,0.9623222705667344,0.2732312961117544,1,1,1.1711630430507585,True,False
1,1,0,0,0,-0.2756943795958839,0.2732312961117544,1,1,-0.3976832522623699,True,False
1,1,2,1,0,-0.4910016231024262,0.2732312961117544,1,1,-0.323208295031445,False,True
1,0,0,1,0,-1.8366718950183156,0.2732312961117544,1,0,-1.6540131382606826,False,True
0,0,2,0,0,-0.3115789201803076,0.2732312961117544,1,1,-0.1258844597513776,True,False
1,1,1,0,0,1.141744973488853,0.2732312961117544,1,0,0.4664350599076607,False,True
1,0,0,0,0,-1.136923353622053,0.2732312961117544,1,0,-1.053689300768414,False,True
1,0,1,0,1,-0.5627707042712736,0.2732312961117544,1,0,-0.5229682270433651,False,False
1,1,0,0,0,-0.4192325419335788,0.2732312961117544,1,1,-0.35766166309621866,True,False
1,0,3,0,0,2.22725232616767,0.2732312961117544,1,0,2.2135949356469347,False,False
1,1,0,0,0,-0.16804075784261274,0.2732312961117544,1,1,-0.6447730636359993,False,True
1,1,0,0,0,-0.6704243260245448,0.2732312961117544,0,0,-1.0568214251379389,False,True
0,1,0,0,0,0.119035566832777,0.2732312961117544,1,1,-0.37193022966849865,True,False
1,0,0,0,0,0.8367263785212513,0.2732312961117544,1,1,1.803156138057112,False,True
1,0,0,1,0,-0.4910016231024262,0.2732312961117544,1,1,-0.2710062222060303,True,False
1,0,0,0,0,-1.029269731868782,0.2732312961117544,1,0,-0.9029993172123838,False,True
1,0,0,0,0,-1.6213646515117732,0.2732312961117544,1,1,-1.107283428869173,False,True
1,1,0,0,0,-1.1189810833298413,0.2732312961117544,1,1,-1.320615899815701,False,True
1,1,0,0,0,-0.06038713608934159,0.2732312961117544,1,1,0.02863367581184978,True,False
1,1,0,1,1,-0.7421934071933922,0.2732312961117544,1,1,-0.5219241855868568,False,True
0,0,0,0,0,-0.8857315695310871,0.2732312961117544,1,1,-0.9691219427912423,False,True
1,1,1,0,0,-1.6751914623884088,0.2732312961117544,1,1,-0.18991900241721957,False,True
1,1,0,0,0,0.119035566832777,0.2732312961117544,1,1,-0.13006062557741077,False,True
0,1,0,0,0,-0.3115789201803076,0.2732312961117544,0,0,-0.03818497740468098,False,True
0,0,0,0,0,0.119035566832777,0.2732312961117544,1,1,0.027937648174177585,True,False
0,1,0,1,0,-0.6704243260245448,0.2732312961117544,1,1,-0.9127437041397944,True,False
0,0,0,0,0,-0.3115789201803076,0.2732312961117544,1,1,-1.081878420094138,True,False
0,0,0,0,0,-0.4551170825180025,0.2732312961117544,1,0,-0.6837506113456422,True,False
1,1,2,0,0,-0.06038713608934159,0.2732312961117544,1,0,-0.5494172772749085,False,True
0,1,1,0,1,2.22725232616767,0.2732312961117544,0,0,1.846309851592788,False,True
1,1,2,0,0,-0.7242511369011804,0.2732312961117544,1,1,-0.8072955170324569,True,False
1,1,0,0,0,-0.7421934071933922,0.2732312961117544,1,1,-0.8601936174955438,True,False
1,1,0,0,0,-0.04244486579712973,0.2732312961117544,1,0,-0.21880414938061568,False,False
1,1,1,0,0,0.7649572973524039,0.2732312961117544,1,1,1.4391336835545538,False,True
1,1,2,1,0,0.119035566832777,0.2732312961117544,1,1,0.00740483286284782,False,True
1,1,0,0,0,-0.3115789201803076,0.2732312961117544,1,1,0.035245938369735635,False,True
1,1,3,0,0,-0.6883665963167567,0.2732312961117544,1,1,-1.1017152077677956,False,True
1,1,0,1,1,0.49582324296922603,-2.5228356340985316,0,0,-0.04758135051325561,False,False
1,1,1,0,0,-0.16804075784261274,0.2732312961117544,0,0,-0.43492073087783234,False,False
0,0,0,0,0,-0.38334800134915503,0.2732312961117544,0,0,-0.7060234957511524,True,False
1,1,0,0,0,2.164454380144929,0.2732312961117544,1,0,1.4360015591850288,True,False
1,0,0,1,0,-0.20392529842703647,-2.5228356340985316,0,0,-0.2577816970902586,False,True
1,1,1,0,0,2.22725232616767,0.2732312961117544,1,1,1.5852994874657147,False,True
1,1,3,1,1,-0.22186756871924831,-4.386880254238722,1,1,0.31504904871395817,False,True
0,0,0,0,0,-0.02450259550491787,0.2732312961117544,0,0,-0.6593896440271154,True,False
1,1,0,0,0,0.621419135014709,0.2732312961117544,1,1,0.027589634355341487,False,True
1,1,2,1,1,-0.7242511369011804,0.2732312961117544,1,1,-0.8507972443869691,True,False
1,0,0,0,0,-1.0113274615765702,-0.6587910139583409,1,1,-0.9378006990959935,True,False
1,1,3,1,0,-0.7601356774856041,0.2732312961117544,0,0,-0.501043356456691,True,False
1,1,3,0,1,0.8905531893978869,0.2732312961117544,1,1,0.2941682195837923,True,False
1,0,0,0,0,-0.43717481222579063,2.1372759162519452,1,0,-0.8507972443869691,False,True
1,0,0,0,0,0.6931882161835564,0.2732312961117544,1,0,0.802268395084495,False,True
1,1,1,0,1,-0.4910016231024262,0.2732312961117544,1,0,-0.7561374856635505,False,True
1,1,3,0,0,0.7649572973524039,-0.6587910139583409,0,0,0.3383659745759767,True,False
1,1,3,1,1,-0.13215621725818902,0.2732312961117544,1,1,-0.24212107524263424,True,False
0,0,0,0,0,-0.47305935281021433,0.2732312961117544,1,1,-0.8173879177787037,True,False
1,1,1,0,1,-0.16804075784261274,0.2732312961117544,1,1,-1.3223559689098814,True,False
0,1,2,0,0,0.5317077835536498,0.2732312961117544,1,0,-1.021672029435493,False,True
1,1,0,0,0,2.22725232616767,0.2732312961117544,1,0,0.7152649403754705,True,False
1,1,1,0,0,-1.5675378406351377,-1.5908133240284363,1,1,-0.7679699555039778,False,True
1,0,0,0,0,-0.02450259550491787,0.2732312961117544,1,1,-0.45162539418196507,True,False
1,1,2,1,0,-0.6883665963167567,0.2732312961117544,1,1,-0.29989136916942644,True,False
1,1,0,0,0,-0.5986552448556973,0.2732312961117544,1,1,-0.5487212496372363,True,False
1,0,0,0,0,1.3032254061187596,0.2732312961117544,1,1,0.8252373071276774,False,True
1,1,0,0,0,0.6752459458913446,0.2732312961117544,1,1,1.27626321633926,True,False
1,1,0,0,0,-0.11421394696597717,0.2732312961117544,1,1,-0.11718411428047516,True,False
1,1,2,0,0,0.9084954596900988,-2.5228356340985316,1,1,1.9869074344025714,True,False
1,1,2,1,0,-1.0113274615765702,0.2732312961117544,1,1,-0.3834146856900899,False,True
1,0,0,0,0,-0.2756943795958839,0.2732312961117544,1,1,-0.7175079517727437,True,False
1,0,0,1,0,-2.0160945979404343,-3.4548579441686273,1,1,-0.8960390408356618,True,False
1,0,0,0,0,-0.16804075784261274,0.2732312961117544,1,0,0.20438065432407912,False,True
0,1,0,0,0,-0.006560325212706013,0.2732312961117544,1,1,-0.4902549280727719,True,False
1,1,0,0,0,-1.5675378406351377,0.2732312961117544,1,1,-1.1208559678037808,True,False
1,1,0,1,0,-0.4012902716413669,-2.5228356340985316,1,1,-0.6983671917367583,True,False
1,1,0,0,0,-0.11421394696597717,0.2732312961117544,1,1,-0.3113758251910177,True,False
1,1,2,1,0,-0.07832940638155345,-2.5228356340985316,1,1,0.47200328100903827,False,True
1,0,0,0,0,0.24463145887826002,0.2732312961117544,1,1,0.8541224540910736,True,False
1,1,0,0,0,-0.16804075784261274,0.2732312961117544,1,1,2.2135949356469347,False,True
1,1,0,0,0,-0.16804075784261274,0.2732312961117544,1,1,0.710044733092929,True,False
1,1,0,0,0,0.40611189150816673,0.2732312961117544,1,1,-0.565425912941369,False,True
1,1,1,0,0,-0.6704243260245448,0.2732312961117544,1,1,-0.7352566565333847,False,True
1,1,2,0,0,1.5723594605019375,0.2732312961117544,1,1,2.209288264638838,False,True
1,0,0,1,0,-0.3115789201803076,0.2732312961117544,1,0,0.39613626850276895,False,False
1,1,2,0,0,1.410879027872031,0.2732312961117544,0,0,0.4194531943647875,False,True
1,1,3,1,0,-0.7780779477778159,2.1372759162519452,1,1,-1.1727100268103594,True,False
1,0,0,0,0,-0.02450259550491787,0.2732312961117544,1,1,-0.3058076040896401,False,True
0,1,0,0,0,0.029324215371717702,0.2732312961117544,1,1,-0.3246003503067894,True,False
1,1,0,1,0,0.26257372917047184,0.2732312961117544,0,0,0.5189851465519114,False,False
0,0,1,0,1,-0.16804075784261274,0.2732312961117544,1,1,0.4372018991254285,True,False
1,0,0,0,0,-0.34746346076473134,0.2732312961117544,1,1,-0.39837927990004207,True,False
1,1,1,0,0,0.8546686488134632,-2.5228356340985316,1,1,2.2135949356469347,False,False
0,1,0,0,0,0.2984582697548956,0.2732312961117544,1,1,-0.259173752365603,True,False
1,1,1,0,0,-0.9395583804077227,0.2732312961117544,1,1,-0.8988231513863506,False,True
1,1,0,0,0,0.6752459458913446,0.2732312961117544,1,0,0.5273374782039778,False,False
0,0,0,0,0,2.182396650437141,0.2732312961117544,1,1,1.4662787614237693,False,True
1,1,0,0,0,0.7649572973524039,0.2732312961117544,1,1,0.7444981011577028,False,False
0,0,0,0,0,-1.6751914623884088,0.2732312961117544,1,1,-0.7060234957511524,True,False
0,0,0,0,0,-0.006560325212706013,0.2732312961117544,0,1,1.7130205589785628,True,False
1,1,2,0,0,-1.0113274615765702,0.2732312961117544,1,1,-1.1267722027239946,True,False
1,1,0,1,0,1.01614908144337,0.2732312961117544,1,1,0.041510187108785394,False,False
0,0,0,0,0,-0.7960202180700278,0.2732312961117544,1,1,-0.8709820458794628,False,False
1,1,3,0,0,2.22725232616767,0.2732312961117544,1,1,2.2135949356469347,False,False
1,0,0,0,0,-0.16804075784261274,0.2732312961117544,1,1,-0.24003299232961764,False,False
1,1,1,0,1,0.40611189150816673,-2.5228356340985316,0,0,2.2135949356469347,False,True
1,1,0,0,0,0.8008418379368276,0.2732312961117544,1,0,0.8541224540910736,False,False
1,0,0,0,1,2.22725232616767,2.1372759162519452,1,1,2.2135949356469347,False,True
1,0,0,0,0,-1.136923353622053,0.2732312961117544,1,1,-0.7836305773516022,False,True
1,0,0,0,0,-1.2086924347909005,0.2732312961117544,1,1,-1.209947505425822,True,False
1,1,0,0,1,-2.0160945979404343,-3.4548579441686273,1,1,-0.9520692656682735,True,False
1,0,0,0,0,-0.634539785440121,0.2732312961117544,1,1,-0.45232142181963725,True,False
1,1,3,0,0,2.22725232616767,0.2732312961117544,1,0,1.9333133063018124,True,False
0,1,0,0,0,-0.9575006506999345,0.2732312961117544,1,0,-0.5609017332964997,False,False
1,1,2,0,1,-0.8857315695310871,0.2732312961117544,1,1,0.21621312416450644,False,True
1,0,0,0,0,1.8773780554695392,0.2732312961117544,0,0,2.2135949356469347,True,False
1,1,2,1,0,-0.15009848755040087,0.2732312961117544,1,0,-0.19653126497510542,False,False
1,1,2,0,0,0.8546686488134632,0.2732312961117544,1,0,0.32374939418486065,False,False
1,0,0,0,0,0.5496500538458616,0.2732312961117544,1,1,-0.27065820838719423,False,True
1,0,0,0,1,0.6752459458913446,-2.5228356340985316,1,1,0.26284697588854355,True,False
1,1,0,0,0,-0.2756943795958839,0.2732312961117544,1,1,-0.5090476742899211,True,False
1,1,2,0,0,0.8905531893978869,-2.5228356340985316,1,1,1.9357494030336653,False,True
0,1,0,0,0,-0.6704243260245448,0.2732312961117544,1,1,0.21621312416450644,True,False
0,1,2,0,0,-1.2086924347909005,0.2732312961117544,1,1,2.2135949356469347,False,True
1,1,1,0,0,-1.9263832464793749,0.2732312961117544,1,1,-1.124684119810978,False,True
0,0,0,0,0,1.5723594605019375,0.2732312961117544,1,0,1.9040801455195804,False,False
1,1,0,0,0,-0.22186756871924831,0.2732312961117544,1,1,-0.17565043584493956,True,False
1,0,0,0,0,-0.34746346076473134,0.2732312961117544,0,0,0.02863367581184978,False,False
1,1,0,0,1,0.26257372917047184,0.2732312961117544,1,1,0.04603436675365467,False,False
1,0,0,0,0,1.9132625960539629,0.2732312961117544,1,0,1.034045598429336,False,True
1,1,2,1,0,-0.43717481222579063,0.2732312961117544,1,0,-1.3620295442571966,False,False
1,0,0,0,0,-1.5675378406351377,0.2732312961117544,1,1,-1.0234120985296735,False,True
1,1,3,0,0,2.22725232616767,-2.5228356340985316,0,1,2.2135949356469347,True,False
1,1,1,0,0,0.40611189150816673,0.2732312961117544,1,1,-0.06776615200574929,False,False
1,1,1,0,0,0.8905531893978869,0.2732312961117544,1,1,1.1635067390363645,False,True
1,0,0,0,0,-0.3115789201803076,0.2732312961117544,1,1,-0.39385510025517284,False,False
1,1,0,0,0,2.1106275692682934,0.2732312961117544,1,1,1.39667599765655,True,False
1,1,0,1,0,-0.7063088666089685,0.2732312961117544,1,1,-1.1452169351223078,True,False
1,1,0,0,0,2.22725232616767,0.2732312961117544,1,0,0.6049445598044275,False,True
1,1,1,0,0,-0.29363664988809574,0.2732312961117544,0,0,-0.6353766905274246,True,False
1,1,2,0,0,0.37022735092374304,0.2732312961117544,1,1,-0.20209948607648298,False,False
1,1,0,0,0,-1.1189810833298413,-2.5228356340985316,1,1,1.0886837679866033,False,True
1,1,0,0,0,0.8008418379368276,0.2732312961117544,1,1,0.236049911838164,False,False
0,1,0,0,0,-0.4551170825180025,0.2732312961117544,1,0,-0.5609017332964997,False,False
1,1,0,0,0,-0.15009848755040087,0.2732312961117544,1,1,-0.14711330270037956,False,False
1,0,0,0,0,-1.3342883268363834,2.1372759162519452,0,0,-1.377342152285985,True,False
1,1,2,0,0,1.123802703196641,0.2732312961117544,1,1,0.6282614856664461,True,False
1,1,0,1,0,-0.7601356774856041,0.2732312961117544,1,1,-0.9068274692195808,False,False
1,1,3,0,0,2.22725232616767,-0.6587910139583409,1,1,2.2135949356469347,False,True
1,1,3,1,0,-1.0113274615765702,-2.5228356340985316,1,0,-0.9301443950815994,False,False
1,1,0,0,0,0.8905531893978869,0.2732312961117544,1,1,1.7881915438471598,True,False
1,1,0,1,1,-0.903673839823299,0.2732312961117544,1,0,-0.3879388653349592,True,False
1,1,0,0,0,-0.38334800134915503,0.2732312961117544,1,1,-0.2553456003584059,False,False
1,1,2,0,0,-0.6524820557323329,0.2732312961117544,1,1,-0.8807264328068735,False,False
1,1,3,0,0,2.22725232616767,0.2732312961117544,0,0,2.2135949356469347,True,False
1,1,1,0,0,-0.38334800134915503,0.2732312961117544,1,1,-0.8507972443869691,True,False
1,0,0,1,0,-0.634539785440121,2.1372759162519452,0,0,-0.8389647745465418,False,True
1,1,1,0,0,0.7649572973524039,0.2732312961117544,0,0,2.2135949356469347,False,True
1,0,0,0,0,-1.262519245667536,0.2732312961117544,1,0,0.27293937663479034,False,False
1,1,0,0,0,-1.154865623914265,-2.5228356340985316,1,1,-0.5549854983762861,True,False
1,1,1,0,0,2.2003389207293527,0.2732312961117544,1,0,2.2135949356469347,True,False
0,1,0,0,0,-0.5268861636868499,0.2732312961117544,1,1,-0.8942989717414813,True,False
1,1,0,0,1,-0.3115789201803076,0.2732312961117544,1,1,2.2135949356469347,True,False
1,1,1,0,1,-1.2804615159597479,-0.6587910139583409,0,0,-1.3978749675973148,False,False
1,1,0,0,0,-1.423999678297443,0.2732312961117544,1,1,-0.5824785900643378,False,False
1,1,0,0,1,0.5496500538458616,0.2732312961117544,1,1,-0.07820656657083222,False,False
1,1,0,0,0,0.9084954596900988,-2.5228356340985316,1,1,1.090423837080784,False,False
1,0,0,1,0,-1.6034223812195614,0.2732312961117544,1,1,-0.4558015600079982,False,False
1,0,0,0,0,0.4778809726770142,0.2732312961117544,1,0,2.020316761010837,True,False
1,1,0,1,0,0.40611189150816673,0.2732312961117544,1,0,-0.05628169598415806,False,True
1,0,0,0,0,-1.1010388130376294,0.2732312961117544,1,1,-0.8132117519526706,True,False
1,0,0,0,0,-0.3115789201803076,0.2732312961117544,1,1,-0.69732315028025,False,False
1,1,1,0,0,0.5855345944302853,0.2732312961117544,1,0,-0.16938618710588982,True,False
1,0,0,0,0,0.8905531893978869,0.2732312961117544,1,1,2.049201907974233,False,False
0,0,0,1,0,-0.3115789201803076,0.2732312961117544,1,1,-0.6691340309545261,False,True
0,1,0,0,0,-0.43717481222579063,0.2732312961117544,1,1,0.012973053964225384,True,False
1,0,0,0,1,-0.9754429209921464,0.2732312961117544,1,0,1.6723029421747393,False,True
1,1,1,1,0,-0.8498470289466633,0.2732312961117544,1,1,-0.3809785889582372,True,False
1,0,2,0,0,0.5137655132614379,0.2732312961117544,0,1,-0.4425770348922265,True,False
1,1,3,1,0,-0.16804075784261274,-2.5228356340985316,1,0,-0.7665779002286335,False,True
1,1,1,1,0,-0.04244486579712973,0.2732312961117544,1,1,-0.5609017332964997,False,True
1,1,2,1,0,-0.23980983901146016,0.2732312961117544,1,1,-0.7926789366413408,True,False
0,0,0,1,0,-0.3115789201803076,0.2732312961117544,1,1,-0.6218041515928168,True,False
0,0,0,0,0,-1.029269731868782,0.2732312961117544,1,1,-1.0268922367180346,False,True
1,0,0,1,0,-1.4778264891740784,0.2732312961117544,1,1,0.10832884032531616,False,False
1,0,0,0,0,-1.406057408005231,0.2732312961117544,1,1,-1.2931228081276493,False,True
1,0,0,0,0,-0.1859830281348246,0.2732312961117544,1,0,-0.9663378322405536,True,False
0,0,0,0,0,1.374994487287607,0.2732312961117544,1,0,1.3242891233386416,True,False
1,1,3,0,0,-0.16804075784261274,0.2732312961117544,0,0,-0.5271443928693983,True,False
1,1,1,0,1,1.8414935148851155,0.2732312961117544,1,1,0.5541345422543573,False,True
1,1,3,1,1,-0.13215621725818902,0.2732312961117544,1,1,-0.1711262562000703,False,False
1,1,0,0,0,-0.006560325212706013,0.2732312961117544,1,1,-0.00025147115154632905,False,True
1,1,3,1,0,-0.6704243260245448,0.2732312961117544,1,1,-0.4738982785874753,True,False
1,1,0,0,0,-0.04244486579712973,0.2732312961117544,1,0,-1.477222118291945,False,False
1,1,0,0,0,-0.11421394696597717,0.2732312961117544,1,1,-0.24107703378612594,True,False
1,1,2,0,0,-1.1728078942064768,0.2732312961117544,0,0,-0.415779970841847,True,False
0,1,2,0,0,-0.1859830281348246,0.2732312961117544,1,1,0.16401105133909177,True,False
1,1,0,0,0,-1.3881151377130192,0.2732312961117544,0,0,-1.3829103733873624,False,True
1,1,2,0,0,-0.38334800134915503,0.2732312961117544,1,1,-0.16312193836684005,True,False
1,0,0,0,0,0.119035566832777,0.2732312961117544,1,1,-0.15059344088874055,True,False
1,1,0,0,0,0.6752459458913446,0.2732312961117544,1,1,0.8328936111420716,True,False
1,1,0,0,0,-0.16804075784261274,0.2732312961117544,1,1,0.01923730270327514,True,False
1,1,0,0,0,0.5855345944302853,0.2732312961117544,1,0,-1.0248041538050179,False,False
1,1,0,1,1,0.011381945079505846,0.2732312961117544,1,0,-0.5080036328334129,False,True
1,1,2,0,0,1.3032254061187596,0.2732312961117544,1,1,0.6091207256304607,True,False
1,1,0,0,0,0.37022735092374304,2.1372759162519452,1,1,-0.49999931500018263,True,False
1,0,0,0,1,1.123802703196641,0.2732312961117544,1,1,0.0714393755286898,False,False
1,1,1,0,0,-0.5986552448556973,0.2732312961117544,1,1,-0.5741262584122714,True,False
1,1,0,0,0,-1.7110760029728325,-2.5228356340985316,1,1,-0.8626297142273964,False,False
1,0,0,1,0,-0.3115789201803076,0.2732312961117544,1,1,-0.1418930954178381,False,False
0,0,0,0,0,2.22725232616767,0.2732312961117544,1,1,0.7441500873388667,True,False
1,1,1,0,0,0.04726648566392956,0.2732312961117544,1,1,-0.43874888288502945,True,False
1,1,1,0,0,0.5855345944302853,0.2732312961117544,1,1,0.19672435030968496,False,False
1,1,0,0,0,2.1106275692682934,0.2732312961117544,1,0,-0.1561616619901181,False,True
0,0,0,0,1,-0.2756943795958839,0.2732312961117544,1,1,-0.9506772103929292,False,True
0,0,1,0,0,-0.4551170825180025,0.2732312961117544,1,1,-0.8292203876191311,False,False
1,1,1,0,0,-0.7421934071933922,0.2732312961117544,1,1,-1.0021832555806716,True,False
1,1,2,0,0,-0.3115789201803076,0.2732312961117544,1,1,1.6093124409654056,False,False
1,1,1,1,0,0.04726648566392956,-2.5228356340985316,1,0,-0.5922229769917485,False,True
1,0,0,0,0,0.31640054004710744,-4.386880254238722,1,1,0.8600386890112872,False,True
1,1,2,0,1,-0.5268861636868499,0.2732312961117544,1,1,0.4716552671902022,False,False
1,1,0,1,0,-0.25775210930367204,0.2732312961117544,1,1,0.5666630397324568,True,False
1,0,0,0,1,-0.3115789201803076,-2.5228356340985316,1,0,1.4575784159528669,False,True
1,1,2,0,0,-0.4551170825180025,0.2732312961117544,1,1,1.2209290191443205,False,True
1,1,1,1,0,-0.006560325212706013,-2.5228356340985316,1,1,0.14382624984659811,False,True
1,1,1,0,0,-0.25775210930367204,2.1372759162519452,1,1,-0.5114837710217739,True,False
1,1,0,0,0,-0.8498470289466633,0.2732312961117544,1,1,-0.8762022531620043,False,True
1,1,0,1,0,1.141744973488853,0.2732312961117544,0,0,-0.22158825993130446,True,False
0,0,2,0,0,0.011381945079505846,0.2732312961117544,1,0,-0.9632057078710287,False,True
1,0,0,1,1,-0.5986552448556973,0.2732312961117544,1,1,-0.5027834255508714,False,False
1,1,1,1,0,2.22725232616767,-2.5228356340985316,1,1,1.2414618344556503,True,False
1,0,0,0,1,0.9802645408589462,0.2732312961117544,0,0,2.2135949356469347,False,True
0,0,3,0,0,2.1106275692682934,0.2732312961117544,1,1,-1.0829224615506463,False,False
1,0,0,1,0,-0.4012902716413669,0.2732312961117544,0,0,-0.052105530158124885,False,False
1,1,3,0,0,-0.7780779477778159,0.2732312961117544,1,0,-0.32877651613282255,False,True
1,1,0,0,0,2.22725232616767,0.2732312961117544,1,0,2.2135949356469347,False,False
1,1,3,1,0,-0.16804075784261274,0.2732312961117544,1,0,-0.4397929243415377,True,False
1,1,1,0,0,2.22725232616767,0.2732312961117544,1,1,1.4401777250110621,False,True
1,0,0,0,0,-0.06038713608934159,0.2732312961117544,1,1,-0.6701780724110344,True,False
0,0,1,0,0,0.31640054004710744,-4.759689178266761,1,0,-0.9444129616538793,True,False
0,0,0,0,0,-0.3115789201803076,0.2732312961117544,1,1,0.34985043059756793,False,False
1,0,0,0,1,-0.16804075784261274,0.2732312961117544,1,1,-0.35800967691505475,True,False
1,0,0,0,0,0.24463145887826002,0.2732312961117544,1,1,0.4688711566395134,False,False
1,1,2,0,0,0.22668918858604814,0.2732312961117544,1,1,-0.034704839216320005,True,False
1,1,3,0,0,0.40611189150816673,0.2732312961117544,0,1,-0.017652162093351215,False,True
0,0,0,0,0,-0.04244486579712973,0.2732312961117544,1,0,-0.9663378322405536,False,False
0,0,1,0,0,-0.8498470289466633,0.2732312961117544,1,1,-0.6120597646654061,False,True
0,0,0,0,0,-1.9263832464793749,0.2732312961117544,1,1,-1.0293283334498873,False,True
1,1,0,0,0,-0.02450259550491787,0.2732312961117544,1,1,1.7231129597248094,False,True
1,0,0,0,0,-0.20392529842703647,0.2732312961117544,1,1,-0.5236642546810373,False,False
1,1,0,0,0,0.22668918858604814,0.2732312961117544,1,1,-0.47041814039911434,True,False
1,1,2,0,0,-0.8498470289466633,0.2732312961117544,1,1,-0.7985951715615545,True,False
1,1,1,0,0,-0.4012902716413669,0.2732312961117544,1,1,-0.5577696089269748,True,False
1,1,0,0,0,1.249398595242124,0.2732312961117544,1,1,0.3731673564595865,True,False
1,1,0,0,0,-1.029269731868782,0.2732312961117544,1,1,-0.6235442206869973,False,True
1,1,0,0,0,2.22725232616767,0.2732312961117544,1,1,2.2135949356469347,True,False
0,1,0,1,0,-0.23980983901146016,0.2732312961117544,1,1,-0.7289924077943349,False,False
1,0,1,1,1,0.37022735092374304,0.2732312961117544,0,0,0.09893246721674151,False,True
1,1,0,0,0,-0.4551170825180025,0.2732312961117544,1,1,-0.5107877433841016,True,False
1,1,2,0,0,-1.0651542724532057,-2.5228356340985316,1,1,-1.0119972495176182,False,True
0,0,0,0,0,-1.4957687594662903,0.2732312961117544,1,1,-0.9458050169292238,False,True
1,1,0,0,0,-0.16804075784261274,0.2732312961117544,1,0,2.2135949356469347,False,False
1,0,0,0,0,-0.8677892992388753,0.2732312961117544,1,1,0.005664763768667332,False,False
0,0,0,0,1,-0.6883665963167567,-0.6587910139583409,1,0,-0.6534734091069017,True,False
1,1,0,0,0,-0.3115789201803076,0.2732312961117544,1,1,-0.1707782423812342,False,False
0,0,0,0,0,-0.4012902716413669,0.2732312961117544,1,1,-0.7206400761422685,True,False
1,0,0,0,0,0.8905531893978869,0.2732312961117544,1,1,1.1530663244712815,False,False
1,1,0,0,0,0.029324215371717702,0.2732312961117544,1,1,-0.24490518579332302,False,False
1,1,2,0,0,-0.1859830281348246,0.2732312961117544,0,0,-0.6245882621435056,True,False
1,1,2,0,0,-0.06038713608934159,0.2732312961117544,1,1,-0.515659936847807,False,True
0,0,0,0,0,0.10109329654056513,2.1372759162519452,0,0,-0.27065820838719423,False,True
1,1,0,0,0,0.621419135014709,0.2732312961117544,1,1,-0.16625406273636492,True,False
1,1,3,0,0,-0.4910016231024262,0.2732312961117544,1,1,-0.18400276749700592,False,True
1,1,1,0,0,1.123802703196641,0.2732312961117544,1,1,0.2367459394758362,True,False
0,1,1,0,0,-0.04244486579712973,0.2732312961117544,1,1,-0.5320165863331037,False,True
0,0,0,0,0,0.24463145887826002,2.1372759162519452,1,0,0.46852314282067725,False,False
1,1,1,0,0,-0.43717481222579063,0.2732312961117544,1,0,-0.43700881379084894,False,True
1,1,0,1,0,-0.7960202180700278,0.2732312961117544,0,0,-0.508351646652249,False,True
1,1,0,1,0,-0.5807129745634855,0.2732312961117544,1,1,-0.5462851529053836,True,False
0,0,0,0,0,-0.09627167667376531,0.2732312961117544,1,1,-0.415779970841847,False,False
1,1,1,0,0,-0.7421934071933922,0.2732312961117544,1,1,-0.9628576940521926,False,True
1,0,0,0,0,0.04726648566392956,0.2732312961117544,1,1,0.10624075741229956,False,False
1,0,0,1,0,-0.16804075784261274,0.2732312961117544,1,0,-1.45982142735014,False,True
0,0,0,0,0,-0.04244486579712973,0.2732312961117544,1,1,-0.2668300563799972,False,False
0,0,0,0,0,-0.5986552448556973,0.2732312961117544,0,0,-0.672266155324051,False,True
1,0,0,0,0,2.22725232616767,0.2732312961117544,1,0,2.2135949356469347,False,False
1,1,2,1,0,0.8546686488134632,0.2732312961117544,1,1,0.5123728839940256,False,False
0,0,0,0,0,-0.9575006506999345,0.2732312961117544,1,1,-1.1406927554774384,True,False
1,0,0,1,0,-0.47305935281021433,0.2732312961117544,1,1,-0.3002393829882625,True,False
0,0,0,0,0,-1.4598842188818666,0.2732312961117544,1,1,-1.2833784212002386,False,False
1,1,2,0,1,0.119035566832777,-4.014071330210684,1,1,-0.1561616619901181,False,False
1,1,0,0,0,0.3881696212159549,0.2732312961117544,1,0,-0.6538214229257379,False,False
1,1,1,1,0,-0.47305935281021433,-2.5228356340985316,1,1,-0.4022074319072392,False,True
1,1,2,0,0,-0.3115789201803076,0.2732312961117544,1,1,-0.8622817004085603,True,False
1,1,0,0,0,-0.8857315695310871,0.2732312961117544,1,1,-0.696975136461414,False,True
0,0,1,0,0,-0.4551170825180025,0.2732312961117544,1,1,-0.9235321325237136,True,False
1,1,1,0,1,0.31640054004710744,0.2732312961117544,1,0,1.3242891233386416,False,False
1,1,0,0,0,-0.4012902716413669,0.2732312961117544,1,1,-0.5664699543978773,True,False
1,1,3,0,0,-0.23980983901146016,0.2732312961117544,1,1,-0.5789984518759768,True,False
1,1,2,1,0,-0.16804075784261274,0.2732312961117544,1,1,-0.3493093314441523,False,False
0,0,0,0,0,-0.09627167667376531,0.2732312961117544,1,1,-0.01521606536149853,False,False
1,1,3,0,0,2.22725232616767,0.2732312961117544,1,1,2.2135949356469347,False,False
1,1,1,0,1,2.22725232616767,0.2732312961117544,0,0,2.2135949356469347,False,False
1,0,0,0,0,-0.13215621725818902,0.2732312961117544,0,1,-0.4446651178052431,False,False
1,1,0,0,1,0.8367263785212513,0.2732312961117544,1,1,0.6206051816520519,True,False
0,1,0,0,0,-0.4910016231024262,0.2732312961117544,1,0,0.2050766819617513,False,True
0,0,0,0,0,-1.262519245667536,0.2732312961117544,1,1,-1.2858145179320912,False,True
1,0,1,0,0,-0.3654057310569432,0.2732312961117544,1,1,-0.00616770607175999,False,True
1,0,0,0,0,-0.7063088666089685,0.2732312961117544,1,1,-1.1344285067383888,True,False
1,0,0,0,0,-1.1907501644986886,0.2732312961117544,1,1,-1.1699259162596707,False,True
1,1,0,0,0,2.22725232616767,-2.5228356340985316,1,1,2.2135949356469347,False,True
1,1,1,0,1,0.8008418379368276,-2.5228356340985316,1,1,1.9040801455195804,False,True
1,1,0,0,1,-1.2086924347909005,0.2732312961117544,1,1,1.321853026606789,True,False
1,1,1,0,0,0.40611189150816673,0.2732312961117544,1,1,-0.08934300877358733,False,False
1,1,2,0,1,0.6931882161835564,0.2732312961117544,1,1,0.31504904871395817,False,False
0,0,3,1,0,-0.16804075784261274,0.2732312961117544,0,0,-1.5189837765522767,False,True
0,0,0,0,0,-1.1907501644986886,0.2732312961117544,1,1,-0.7081115786641691,True,False
1,1,3,1,0,0.6393614053069209,0.2732312961117544,1,0,-0.6823585560702978,False,False
0,0,0,0,0,-1.639306921803985,0.2732312961117544,1,0,-1.3282722038300951,False,False
1,1,1,1,0,0.37022735092374304,0.2732312961117544,1,1,-0.14328515069318248,False,True
1,1,3,1,0,-1.136923353622053,0.2732312961117544,1,1,-1.0516012178553975,True,False
1,1,2,0,0,-0.22186756871924831,0.2732312961117544,1,1,-0.4460571730805875,False,False
1,1,0,0,0,0.40611189150816673,0.2732312961117544,1,1,-0.4307445650517992,True,False
1,1,0,1,0,0.26257372917047184,0.2732312961117544,0,0,0.19428825357783228,False,False
1,1,2,1,0,-0.20392529842703647,0.2732312961117544,1,1,-0.32842850231398646,False,True
1,1,0,0,0,2.182396650437141,0.2732312961117544,1,1,1.643069781392507,True,False
1,1,0,0,0,0.8905531893978869,0.2732312961117544,1,1,0.9327735771480316,False,False
1,1,0,0,0,1.626186271378573,0.2732312961117544,1,1,1.00516045146594,True,False
1,0,0,0,0,2.22725232616767,0.2732312961117544,1,0,2.2135949356469347,False,False
1,1,3,0,0,-0.7601356774856041,0.2732312961117544,1,1,-0.5031314393697075,False,False
0,1,0,0,1,-0.5807129745634855,0.2732312961117544,0,0,-0.24177306142379812,False,False
0,1,0,0,0,-0.13215621725818902,0.2732312961117544,1,1,-1.1368646034702414,True,False
0,0,0,0,0,-0.38334800134915503,-2.5228356340985316,1,1,-0.828872373800295,False,True
1,1,2,0,0,0.49582324296922603,0.2732312961117544,1,1,1.846309851592788,False,False
1,1,1,0,0,-1.262519245667536,0.2732312961117544,1,0,-0.8072955170324569,False,True
1,1,0,1,0,-0.6704243260245448,2.1372759162519452,0,0,-0.5320165863331037,False,True
1,1,3,0,0,1.123802703196641,0.2732312961117544,1,1,0.7444981011577028,True,False
0,0,1,0,0,-1.0113274615765702,0.2732312961117544,1,0,-0.5121797986594461,True,False
1,1,2,0,0,1.7697244337162679,0.2732312961117544,1,1,0.8603867028301233,True,False
1,1,0,0,0,-0.13215621725818902,0.2732312961117544,1,1,0.3091328137937445,False,True
1,1,0,0,0,-0.7601356774856041,-0.6587910139583409,1,1,-0.05175751633928879,False,True
1,0,0,0,1,0.06520875595614142,0.2732312961117544,1,1,0.218301207077523,False,False
1,0,0,1,0,-0.07832940638155345,0.2732312961117544,1,0,0.00740483286284782,False,False
1,0,0,0,0,-0.7421934071933922,2.1372759162519452,1,0,-1.2858145179320912,True,False
1,0,0,0,0,-0.23980983901146016,0.2732312961117544,0,0,-0.3726262573061709,False,False
1,1,1,0,0,0.6752459458913446,0.2732312961117544,1,1,0.04533833911598247,True,False
1,1,0,0,0,2.22725232616767,0.2732312961117544,1,0,2.2135949356469347,False,False
0,0,0,0,1,-1.4778264891740784,0.2732312961117544,1,1,2.2135949356469347,True,False
1,1,2,0,0,0.31640054004710744,0.2732312961117544,1,1,-0.3513974143571689,True,False
1,1,2,0,1,2.22725232616767,-0.6587910139583409,1,1,2.2135949356469347,False,False
1,0,1,0,0,-0.47305935281021433,-2.5228356340985316,0,0,-0.3987272937188782,False,True
0,0,0,0,0,-0.4910016231024262,0.2732312961117544,1,1,-0.6861867080774949,False,True
1,1,0,0,0,-0.3115789201803076,-2.5228356340985316,1,1,-0.15824974490313468,False,True
1,1,3,0,0,-0.13215621725818902,0.2732312961117544,1,1,2.2135949356469347,False,False
1,1,0,0,0,-0.13215621725818902,0.2732312961117544,1,1,-0.6559095058387544,True,False
1,0,0,0,0,-1.1907501644986886,2.1372759162519452,1,0,-1.0877946550143516,False,True
1,1,2,0,0,-0.13215621725818902,0.2732312961117544,1,1,-0.2797065676769328,False,True
1,1,0,0,0,-0.16804075784261274,0.2732312961117544,1,1,-0.1258844597513776,True,False
1,0,0,0,0,2.22725232616767,0.2732312961117544,1,1,1.3844955139972863,True,False
0,0,0,0,0,0.3343428103393193,0.2732312961117544,1,1,-0.06776615200574929,False,True
1,0,0,0,1,-0.16804075784261274,0.2732312961117544,1,1,0.3383659745759767,False,True
1,1,2,0,0,-0.6704243260245448,0.2732312961117544,1,0,-0.5668179682167134,False,True
1,0,1,0,0,-0.43717481222579063,-2.5228356340985316,1,1,-0.8796823913503652,False,True
1,0,0,1,0,-0.09627167667376531,0.2732312961117544,1,1,-0.782586535895094,True,False
1,1,0,1,0,-0.16804075784261274,0.2732312961117544,0,0,-0.01695613445567902,False,True
1,1,0,0,0,-0.02450259550491787,0.2732312961117544,1,1,-0.5027834255508714,False,True
1,1,0,0,0,-0.22186756871924831,0.2732312961117544,1,1,-0.24594922724983131,False,False
1,0,3,0,0,0.8546686488134632,0.2732312961117544,1,1,1.034393612248172,False,False
1,1,3,0,0,2.22725232616767,0.2732312961117544,1,1,1.151674269195937,False,False
1,1,0,0,0,-0.3115789201803076,0.2732312961117544,1,1,-0.5208801441303484,False,True
1,1,2,1,0,-0.43717481222579063,-2.5228356340985316,1,1,-0.896735068473334,True,False
1,1,2,0,0,-0.43717481222579063,0.2732312961117544,1,1,-0.5897868802598958,False,True
1,1,2,0,0,-0.04244486579712973,0.2732312961117544,1,1,-0.8473171061986081,True,False
0,0,0,0,0,-1.1907501644986886,0.2732312961117544,0,0,-1.0491651211235449,False,True
1,1,0,0,0,-0.7601356774856041,0.2732312961117544,1,1,-0.5925709908105846,False,True
1,0,0,1,0,-0.5089438933946381,0.2732312961117544,1,1,-0.2181081217429435,False,False
0,0,0,0,0,-0.6165975151479092,0.2732312961117544,0,0,-1.0074034628632131,True,False
1,1,2,1,0,-1.657249192096197,-2.5228356340985316,0,0,-1.1504371424048492,False,True
1,0,0,1,0,-1.2984037862519597,-0.6587910139583409,1,0,-1.1970709941288864,False,False
1,0,0,0,0,-0.6165975151479092,0.2732312961117544,1,1,2.2135949356469347,True,False
0,0,0,1,0,-1.5137110297585021,0.2732312961117544,1,1,-1.4726979386470758,True,False
0,0,0,0,1,1.01614908144337,0.2732312961117544,1,0,0.4337217609370675,False,False
0,0,0,0,0,-0.4012902716413669,0.2732312961117544,1,1,-0.5734302307745992,True,False
1,1,0,1,0,-0.4012902716413669,0.2732312961117544,1,1,-0.5664699543978773,False,True
0,0,0,1,0,-1.2804615159597479,0.2732312961117544,1,1,-1.3856944839380512,False,False
1,1,1,0,0,0.26257372917047184,-0.6587910139583409,0,0,0.7326656313172755,True,False
1,1,3,0,0,2.22725232616767,0.2732312961117544,0,0,2.2135949356469347,False,False
0,0,1,1,1,-1.3522305971285955,0.2732312961117544,1,0,-0.8100796275831457,True,False
1,1,0,0,0,0.40611189150816673,0.2732312961117544,1,1,0.021325385616291728,False,True
1,1,0,1,0,1.4467635684564546,0.2732312961117544,0,0,-0.0343568253974839,False,False
1,1,0,1,0,-0.4910016231024262,0.2732312961117544,1,1,-0.6642618374908208,False,False
0,1,0,1,0,0.7290727567679802,0.2732312961117544,0,0,-0.28144663677111326,True,False
0,0,0,0,0,-1.3881151377130192,0.2732312961117544,1,1,-1.113547677608223,False,True
0,0,1,0,0,0.40611189150816673,0.2732312961117544,1,0,-1.2510131360484815,False,True
1,1,2,0,1,1.8235512445929036,0.2732312961117544,1,0,2.2135949356469347,False,True
1,1,0,0,0,-0.4551170825180025,0.2732312961117544,1,1,-0.8340925810828365,False,False
1,1,0,0,0,0.011381945079505846,0.2732312961117544,1,1,-0.5330606277896119,True,False
1,1,0,0,0,0.011381945079505846,0.2732312961117544,1,1,-0.127276515026722,False,False
0,0,0,1,0,-1.029269731868782,0.2732312961117544,0,0,-1.2092514777881498,False,True
1,1,0,0,0,-0.6704243260245448,0.2732312961117544,1,1,-0.9242281601613858,False,True
1,1,1,0,0,-0.4910016231024262,0.2732312961117544,0,0,0.9473901575391477,False,True
1,1,0,0,0,-0.7421934071933922,0.2732312961117544,1,1,2.2135949356469347,True,False
1,1,0,0,0,-0.29363664988809574,0.2732312961117544,1,1,0.2684151969899211,False,False
0,0,1,1,0,-1.0113274615765702,0.2732312961117544,1,0,-0.5528974154632694,False,False
1,1,2,0,0,-0.07832940638155345,0.2732312961117544,1,1,-0.09038705023009563,True,False
1,1,0,0,0,-0.903673839823299,0.2732312961117544,1,1,-1.1340387309689606,False,False
1,0,0,1,0,-1.3881151377130192,-2.5228356340985316,1,1,-1.210295519244658,False,True
0,0,1,0,1,0.22668918858604814,0.2732312961117544,1,1,0.8454221086201711,True,False
1,0,0,0,0,-0.5807129745634855,0.2732312961117544,0,0,0.10624075741229956,False,False
1,0,0,0,0,2.22725232616767,0.2732312961117544,1,1,2.2135949356469347,True,False
1,1,0,0,0,0.10109329654056513,0.2732312961117544,1,1,-0.49756321826832994,True,False
1,0,0,0,0,-0.6704243260245448,0.2732312961117544,1,1,-0.8507972443869691,False,True
0,1,0,0,0,-0.16804075784261274,-1.5908133240284363,1,1,1.340645772823938,True,False
1,0,0,0,0,-1.5675378406351377,0.2732312961117544,1,1,-0.8414008712783945,True,False
1,1,0,0,0,-0.16804075784261274,0.2732312961117544,1,1,-0.9941789377474414,False,True
1,0,0,0,1,0.8905531893978869,0.2732312961117544,0,0,1.469062871974458,False,True
0,1,0,1,1,0.011381945079505846,0.2732312961117544,1,1,0.3296656291050743,False,False
1,0,0,0,0,0.8905531893978869,0.2732312961117544,1,1,0.8802234905037809,True,False
1,1,0,0,0,0.7649572973524039,0.2732312961117544,1,1,1.2317174475282395,False,False
1,0,3,1,0,0.19080464800162442,0.2732312961117544,1,1,0.1758435211795191,True,False
1,0,1,0,0,0.26257372917047184,0.2732312961117544,1,1,2.2135949356469347,True,False
1,1,0,0,0,0.6752459458913446,-0.6587910139583409,1,1,2.2135949356469347,False,False
1,1,1,0,1,-0.13215621725818902,0.2732312961117544,1,1,-0.5285364481447427,False,False
1,1,2,1,0,-0.4910016231024262,0.2732312961117544,1,1,-0.5368887797968089,False,False
1,1,0,0,0,-1.4778264891740784,0.2732312961117544,1,0,-0.4453611454429153,False,False
1,1,2,0,0,0.22668918858604814,0.2732312961117544,0,0,-0.39837927990004207,False,False
1,0,1,1,1,0.9443800002745225,0.2732312961117544,1,0,-0.6555614920199183,True,False
1,1,2,1,0,-0.22186756871924831,0.2732312961117544,0,0,-0.9155278146904833,False,False
1,1,2,1,0,-1.3881151377130192,-0.6587910139583409,1,1,-0.967729887515898,False,True
1,1,0,0,0,0.2087469182938363,0.2732312961117544,0,0,-0.17878256021446445,False,False
1,1,0,0,0,-0.8498470289466633,-2.5228356340985316,0,1,-0.433528675602488,False,False
1,0,0,0,1,-0.9575006506999345,0.2732312961117544,1,1,0.3098288414314167,True,False
1,1,2,0,0,-0.7421934071933922,0.2732312961117544,1,1,-0.8128637381338345,True,False
1,1,0,0,0,-0.34746346076473134,0.2732312961117544,1,1,-0.6590416302082793,False,True
1,1,0,0,0,0.6393614053069209,0.2732312961117544,1,0,0.02863367581184978,False,True
1,0,2,0,0,-0.02450259550491787,0.2732312961117544,1,1,-0.6405968978099661,False,False
1,1,0,0,0,0.40611189150816673,0.2732312961117544,1,0,0.7444981011577028,True,False
1,1,0,0,1,0.40611189150816673,0.2732312961117544,1,1,-0.009995858078957065,True,False
1,1,3,0,0,-0.16804075784261274,-2.5228356340985316,1,1,0.5377778927690607,False,True
1,1,0,0,0,0.28051599946268374,0.2732312961117544,1,1,-0.34513316561811913,False,False
0,0,1,1,0,-0.09627167667376531,0.2732312961117544,1,1,-0.3493093314441523,True,False
1,0,0,0,0,-0.7063088666089685,0.2732312961117544,0,0,-0.7060234957511524,True,False
1,0,0,0,0,0.04726648566392956,0.2732312961117544,1,1,-0.06776615200574929,False,False
1,1,3,1,0,-1.2086924347909005,-2.5228356340985316,0,0,-0.551157346369089,False,True
1,1,0,0,0,-0.4910016231024262,0.2732312961117544,1,1,2.2135949356469347,True,False
0,1,2,1,0,-0.7063088666089685,0.2732312961117544,1,1,-1.0676098535218579,True,False
1,1,0,0,0,-0.4910016231024262,0.2732312961117544,1,0,0.2050766819617513,False,True
1,1,1,0,1,0.44199643209259043,0.2732312961117544,1,1,-0.2316806606775513,True,False
1,1,1,1,0,-0.43717481222579063,-2.5228356340985316,0,0,-0.7105476753960217,False,False
1,1,3,0,0,-0.6704243260245448,0.2732312961117544,1,1,-0.5233162408622012,True,False
0,0,0,0,1,-0.7960202180700278,0.2732312961117544,1,1,-1.2858145179320912,False,True
1,0,2,0,0,0.44199643209259043,0.2732312961117544,1,1,1.3869316107291392,False,False
1,1,2,0,1,0.22668918858604814,0.2732312961117544,1,1,2.2135949356469347,False,False
1,1,2,0,0,1.6620708119629968,-0.6587910139583409,1,1,0.7848677041426901,True,False
1,1,2,0,0,-0.09627167667376531,0.2732312961117544,0,0,-0.5045234946450519,True,False
1,1,1,0,1,-0.9216161101155108,0.2732312961117544,1,1,2.2135949356469347,True,False
1,1,2,0,0,-0.16804075784261274,0.2732312961117544,1,0,-0.5723861893180909,False,True
0,0,0,1,0,0.2984582697548956,0.2732312961117544,1,1,-0.6419889530853105,False,False
1,1,3,1,0,-0.43717481222579063,0.2732312961117544,1,1,-1.078746295724613,False,False
1,1,0,0,0,-0.16804075784261274,0.2732312961117544,1,1,-0.3346927510530362,True,False
1,1,0,0,0,1.7338398931318442,0.2732312961117544,1,1,1.6141846344291109,True,False
1,1,2,0,0,1.9491471366383866,0.2732312961117544,1,1,0.7441500873388667,True,False
1,1,1,1,0,-0.11421394696597717,0.2732312961117544,1,1,-0.6266763450565221,False,False
1,0,2,0,0,-1.029269731868782,0.2732312961117544,0,0,-0.9214440496106969,False,False
1,1,1,0,0,2.22725232616767,0.2732312961117544,1,0,2.2135949356469347,False,True
1,1,2,0,1,0.40611189150816673,0.2732312961117544,1,1,0.16401105133909177,True,False
1,0,0,0,0,-1.1189810833298413,0.2732312961117544,1,0,-1.3084354161564375,False,True
1,0,0,1,0,-0.7421934071933922,0.2732312961117544,1,1,-0.2473412825251757,True,False
1,1,1,1,0,0.872610919105675,0.2732312961117544,1,1,0.09371225993420006,False,True
1,0,0,1,0,-0.4910016231024262,0.2732312961117544,1,1,-0.8713300596982989,False,False
0,0,0,1,1,1.5723594605019375,0.2732312961117544,1,1,2.2135949356469347,True,False
1,1,0,0,0,-0.3295211904725195,0.2732312961117544,0,0,-0.15337755143942933,False,False
0,1,1,0,0,-0.5807129745634855,-4.014071330210684,1,1,-0.6806184869761174,True,False
1,1,0,1,0,-0.5448284339790618,0.2732312961117544,1,1,-0.6593896440271154,False,False
1,1,0,0,0,-0.47305935281021433,-5.132498102294799,1,1,0.44799032750934753,False,True
1,1,1,0,1,-0.7601356774856041,0.2732312961117544,1,1,-1.1483490594918326,True,False
1,0,0,0,0,1.2852831358265477,0.2732312961117544,0,0,1.5675507827050739,False,False
0,0,0,0,0,-0.43717481222579063,2.1372759162519452,1,1,-0.6496452570997047,False,False
0,0,0,0,0,-0.6704243260245448,0.2732312961117544,1,1,-1.0564734113191028,True,False
1,1,2,0,0,1.267340865534336,0.2732312961117544,1,1,1.4944678807494933,True,False
1,1,1,1,0,0.011381945079505846,0.2732312961117544,1,0,1.0987761687328501,False,False
1,1,0,1,0,-0.23980983901146016,-0.6587910139583409,1,1,-0.31241986664752597,True,False
1,1,2,0,0,1.895320325761751,0.2732312961117544,1,1,0.6025084630725749,False,False
1,1,0,0,0,2.22725232616767,0.2732312961117544,1,1,2.2135949356469347,False,True
1,0,0,0,0,-0.7421934071933922,0.2732312961117544,1,0,-0.9089155521325974,False,True
1,1,0,0,1,0.9084954596900988,0.2732312961117544,1,1,-0.24455717197448693,False,True
0,0,1,0,0,-1.7469605435572564,0.2732312961117544,1,1,2.2135949356469347,False,True
1,0,0,1,0,-0.6704243260245448,0.2732312961117544,1,0,-0.4558015600079982,False,False
1,1,1,0,0,2.020916217807234,0.2732312961117544,1,1,0.6522744391661368,True,False
1,1,2,0,0,0.19080464800162442,0.2732312961117544,1,1,-0.3051115764519679,False,True
1,1,0,0,0,-1.2086924347909005,-2.5228356340985316,1,0,0.9052804854599799,True,False
1,0,0,0,0,2.22725232616767,0.2732312961117544,1,0,1.1436699513627069,False,False
1,1,3,0,0,0.22668918858604814,0.2732312961117544,1,1,0.24335820203372205,False,False
0,1,2,0,0,-0.43717481222579063,2.1372759162519452,1,1,-0.8810744466257097,True,False
1,1,0,1,0,-0.25775210930367204,0.2732312961117544,0,0,-0.4596297120151953,True,False
1,0,0,0,0,0.8546686488134632,0.2732312961117544,1,0,0.14034611165823715,True,False
0,0,0,1,0,-0.7601356774856041,0.2732312961117544,1,0,-0.9726020809796033,False,False
1,1,2,1,0,-1.657249192096197,0.2732312961117544,1,1,-0.7867627017211272,True,False
1,0,0,0,0,-1.4778264891740784,0.2732312961117544,1,1,-1.2858145179320912,True,False
1,1,3,0,1,-0.6704243260245448,0.2732312961117544,1,1,0.31539706253279426,False,False
1,1,2,0,1,2.22725232616767,0.2732312961117544,1,1,2.2135949356469347,False,False
1,0,0,0,0,-0.16804075784261274,0.2732312961117544,1,0,0.19916044704153765,True,False
1,1,2,0,1,2.22725232616767,0.2732312961117544,1,1,2.2135949356469347,False,False
1,1,0,0,0,-0.4910016231024262,0.2732312961117544,1,1,-0.8420968989160666,True,False
1,1,1,1,0,0.4240541618003786,0.2732312961117544,0,1,0.18106372846206056,True,False
1,0,1,1,0,-0.7780779477778159,0.2732312961117544,1,1,-0.7704060522358306,True,False
1,0,0,1,0,-0.13215621725818902,0.2732312961117544,1,1,0.2047286681429152,True,False
1,1,0,0,0,1.410879027872031,0.2732312961117544,1,1,0.11494110288320201,False,False
1,1,3,0,0,-0.6704243260245448,0.2732312961117544,1,1,-0.6660019065850012,False,True
1,0,2,0,0,-0.4910016231024262,0.2732312961117544,0,0,-0.9071754830384169,False,False
1,0,1,0,0,1.0520336220277937,0.2732312961117544,1,0,1.7593063968837637,True,False
0,0,0,1,1,-0.22186756871924831,0.2732312961117544,1,1,2.2135949356469347,False,True
1,0,0,1,0,-0.20392529842703647,0.2732312961117544,1,1,-0.5577696089269748,False,False
1,1,0,0,0,2.22725232616767,0.2732312961117544,1,1,1.3378616622732493,False,True
1,0,2,0,0,-0.5448284339790618,0.2732312961117544,1,1,-0.8970830822921702,True,False
1,1,0,1,0,-1.2804615159597479,0.2732312961117544,1,0,-0.9541573485812901,False,False
1,1,3,0,0,0.35228508063153113,-2.5228356340985316,1,1,0.07735561044890346,False,False
0,1,1,0,0,0.04726648566392956,-2.5228356340985316,1,1,0.4378979267631007,True,False
0,0,0,0,0,-0.6883665963167567,0.2732312961117544,0,0,-1.4117955203507586,True,False
0,0,1,0,0,-0.7601356774856041,0.2732312961117544,1,1,-0.8849025986329067,True,False
1,1,1,1,0,-0.16804075784261274,0.2732312961117544,1,1,-0.4982592459060021,False,True
0,1,0,1,0,-0.634539785440121,0.2732312961117544,1,1,-0.8751582117054959,True,False
1,1,0,0,0,0.31640054004710744,0.2732312961117544,1,1,-0.5139198677536265,False,False
1,0,0,1,0,-1.029269731868782,-4.759689178266761,1,0,-0.9872186613707195,True,False
1,0,0,0,0,0.13697783712498884,0.2732312961117544,1,1,-0.6562575196575905,False,False
0,0,0,0,0,-0.6165975151479092,0.2732312961117544,0,0,-0.415779970841847,True,False
1,1,0,0,0,-0.4910016231024262,0.2732312961117544,1,1,-0.4850347207902304,False,False
1,1,2,0,1,-0.16804075784261274,0.2732312961117544,0,0,0.15252659531750057,False,False
1,1,1,1,0,-0.16804075784261274,0.2732312961117544,1,1,-0.462065808747048,False,False
1,1,1,0,0,0.37022735092374304,0.2732312961117544,1,1,0.1351259043756957,False,True
1,1,0,1,0,0.7828995676446158,0.2732312961117544,0,0,-0.4899069142539358,False,True
1,1,0,0,0,-0.09627167667376531,-2.5228356340985316,0,0,0.5791915372105564,False,False
1,1,1,0,0,-1.9981523276482223,0.2732312961117544,1,1,0.10624075741229956,True,False
0,0,0,0,0,-0.9575006506999345,0.2732312961117544,1,1,-0.6621737545778041,False,True
1,1,3,0,1,2.2003389207293527,0.2732312961117544,1,1,1.372663044156859,True,False
1,1,0,0,0,0.44199643209259043,0.2732312961117544,1,1,0.12572953126712103,True,False
0,1,0,0,0,0.8008418379368276,0.2732312961117544,1,1,0.1013685639485942,True,False
1,1,2,1,0,-0.5268861636868499,0.2732312961117544,1,1,-0.7926789366413408,True,False
0,1,1,0,1,2.22725232616767,0.2732312961117544,1,1,2.2135949356469347,True,False
1,1,0,0,0,1.3211676764109714,0.2732312961117544,1,1,0.6202571678332158,False,False
1,0,0,1,1,-0.09627167667376531,0.2732312961117544,1,1,-0.13736891577296884,True,False
1,1,2,0,0,2.164454380144929,0.2732312961117544,0,0,0.9063245269164881,False,True
1,1,0,1,0,-0.3115789201803076,0.2732312961117544,1,1,-0.6012713362814871,False,False
1,0,0,0,0,-1.2086924347909005,0.2732312961117544,1,1,-0.9959190068416218,False,True
1,1,3,0,0,-0.25775210930367204,0.2732312961117544,0,0,-0.10256753388935905,False,False
0,0,0,0,0,-2.303170922615824,0.2732312961117544,1,0,-1.3282722038300951,False,True
1,1,0,0,0,-0.5986552448556973,0.2732312961117544,0,0,-0.3357367925095445,False,True
1,1,1,0,0,0.872610919105675,0.2732312961117544,1,1,-0.35766166309621866,False,True
1,1,0,0,0,0.49582324296922603,0.2732312961117544,0,0,0.1295576832743181,False,True
1,1,2,0,0,2.22725232616767,0.2732312961117544,1,1,2.2135949356469347,False,True
1,1,2,1,0,0.8905531893978869,2.1372759162519452,1,0,0.5412580309574216,True,False
1,1,3,0,0,0.22668918858604814,0.2732312961117544,1,0,0.07352745844170638,True,False
1,1,2,0,0,-0.5268861636868499,-4.014071330210684,1,1,-0.8960390408356618,False,True
1,1,0,0,0,-0.02450259550491787,0.2732312961117544,0,0,-0.31241986664752597,True,False
1,0,0,0,0,-0.4910016231024262,0.2732312961117544,1,1,-0.07890259420850441,False,True
1,1,1,0,0,-0.5448284339790618,0.2732312961117544,1,1,-0.7589215962142393,False,False
1,0,0,0,0,0.4240541618003786,0.2732312961117544,1,1,-0.03331278394097561,False,True
1,1,2,0,0,1.2135140546577003,0.2732312961117544,1,1,0.12016131016574348,True,False
1,0,0,0,0,-0.8498470289466633,0.2732312961117544,1,0,2.2135949356469347,False,True
0,1,0,0,0,-1.8187296247261038,0.2732312961117544,1,1,-1.0540373145872501,True,False
1,1,1,0,0,-1.3701728674208073,0.2732312961117544,1,0,-1.5015830856104717,False,False
1,1,1,0,0,0.15492010741720072,0.2732312961117544,0,0,-0.5187920612173319,False,False
1,1,1,0,0,0.621419135014709,-4.014071330210684,1,0,0.37873557756096404,False,False
1,1,0,0,0,-0.5986552448556973,0.2732312961117544,1,1,-0.8267842908872783,False,True
0,0,0,1,0,-1.2086924347909005,0.2732312961117544,1,1,-1.402399147242184,True,False
1,0,0,0,0,-0.7780779477778159,0.2732312961117544,1,1,-0.5027834255508714,True,False
1,1,2,0,1,-0.5627707042712736,0.2732312961117544,0,0,-1.2071633948751332,True,False
1,1,0,0,0,-1.4598842188818666,-2.5228356340985316,1,1,0.07700759663006736,True,False
1,1,2,0,1,1.2135140546577003,-1.5908133240284363,1,0,-0.06776615200574929,True,False
1,0,3,0,1,2.22725232616767,0.2732312961117544,1,1,1.1005162378270308,True,False
1,1,0,0,0,0.08315102624835329,-2.5228356340985316,1,1,0.33558186402528795,False,False
1,1,0,0,1,2.2003389207293527,0.2732312961117544,1,1,2.2135949356469347,False,True
1,0,0,1,0,-0.4910016231024262,0.2732312961117544,1,1,-0.821912097423573,False,False
1,1,2,1,1,0.8905531893978869,0.2732312961117544,1,0,0.41353695944457386,False,False
1,0,0,0,0,-0.8857315695310871,0.2732312961117544,0,0,-1.1163317881589117,True,False
1,1,0,0,1,0.7649572973524039,0.2732312961117544,1,1,1.311412612041706,False,False
1,1,2,0,0,0.9802645408589462,0.2732312961117544,1,1,-0.14432919214969078,False,True
0,0,3,0,0,2.22725232616767,-2.5228356340985316,1,0,2.2135949356469347,False,True
1,1,0,1,0,0.31640054004710744,0.2732312961117544,1,1,-0.17704249112028397,False,False
1,1,3,0,0,-0.16804075784261274,0.2732312961117544,1,1,-0.1711262562000703,False,True
1,0,0,0,0,0.621419135014709,0.2732312961117544,1,1,0.6202571678332158,False,False
0,1,1,0,0,2.22725232616767,0.2732312961117544,1,1,2.020316761010837,True,False
1,1,0,1,0,-0.16804075784261274,-2.5228356340985316,1,0,0.0018366117614702572,False,True
1,1,1,0,0,0.6393614053069209,0.2732312961117544,1,1,-0.10256753388935905,True,False
1,1,2,1,0,0.35228508063153113,0.2732312961117544,1,1,-0.2772704709450801,False,False
1,1,0,0,0,-0.5268861636868499,0.2732312961117544,1,1,-0.3524414558136772,False,False
0,0,0,0,0,-1.1907501644986886,0.2732312961117544,1,1,-1.1466089903976522,False,False
1,1,3,0,0,-1.7469605435572564,-2.5228356340985316,1,1,-0.7269043248813183,False,False
1,1,1,0,0,2.0747430286838697,0.2732312961117544,1,1,0.7368417971433086,False,True
1,1,2,0,0,0.8905531893978869,0.2732312961117544,1,1,0.4831397232117934,False,True
0,0,0,0,1,-0.07832940638155345,0.2732312961117544,0,0,-0.5609017332964997,True,False
