Gender,Married,Dependents,Education,Self_Employed,Loan_Amount,Credit_History,Property_Area,Loan_Status,TotalIncome,Debt_to_Income_Ratio,Family_Size,Balance_Income,Credit_Risk_Category
Male,No,0,Graduate,No,128.0,1,Urban,Y,5849.0,21.884082749187893,1,457.78703703703707,Low Risk
Male,Yes,1,Graduate,No,128.0,1,Rural,N,6091.0,21.0146117222131,3,477.9537037037037,Low Risk
Male,Yes,0,Graduate,Yes,66.0,1,Urban,Y,3000.0,22.0,2,234.72222222222223,Low Risk
Male,Yes,0,Not Graduate,No,120.0,1,Urban,Y,4941.0,24.286581663630844,2,383.97222222222223,Medium Risk
Male,No,0,Graduate,No,141.0,1,Urban,Y,6000.0,23.5,1,467.3611111111111,Low Risk
Male,Yes,2,Graduate,Yes,261.5,1,Urban,Y,9613.0,27.202746281077708,4,740.550925925926,Medium Risk
Male,Yes,0,Not Graduate,No,95.0,1,Urban,Y,3849.0,24.681735515718366,2,298.75925925925924,Medium Risk
Male,Yes,3,Graduate,No,158.0,0,Semiurban,N,5540.0,28.51985559566787,5,425.0925925925926,High Risk
Male,Yes,2,Graduate,No,168.0,1,Urban,Y,5532.0,30.36876355748373,4,422.1111111111111,Medium Risk
Male,Yes,1,Graduate,No,261.5,1,Semiurban,N,12555.375,20.827733142180143,3,985.7488425925926,Low Risk
Male,Yes,2,Graduate,No,70.0,1,Urban,Y,3900.0,17.94871794871795,4,308.7962962962963,Low Risk
Male,Yes,2,Graduate,No,109.0,1,Urban,Y,4340.0,25.11520737327189,4,336.4351851851852,Medium Risk
Male,Yes,2,Graduate,No,200.0,1,Urban,Y,11179.0,17.890687896949636,4,885.2870370370371,Low Risk
Male,No,0,Graduate,No,114.0,1,Rural,N,4693.0,24.291497975708506,1,364.69444444444446,Medium Risk
Male,Yes,2,Graduate,No,17.0,1,Urban,Y,2385.0,7.127882599580714,4,186.94444444444446,Low Risk
Male,No,0,Graduate,No,125.0,1,Urban,Y,4950.0,25.252525252525253,1,383.56481481481484,Medium Risk
Male,No,1,Not Graduate,No,100.0,1,Urban,Y,3596.0,27.808676307007786,2,264.94444444444446,Medium Risk
Female,No,0,Graduate,No,76.0,0,Urban,N,3510.0,21.652421652421655,1,274.9074074074074,High Risk
Male,Yes,0,Not Graduate,No,133.0,1,Rural,N,4887.0,27.215060364231636,2,376.46296296296293,Medium Risk
Male,Yes,0,Graduate,No,115.0,1,Urban,Y,6100.0,18.852459016393443,2,481.71296296296293,Low Risk
Male,Yes,0,Not Graduate,No,104.0,0,Urban,N,7660.0,13.577023498694517,2,614.2592592592594,High Risk
Male,Yes,1,Graduate,No,261.5,1,Urban,Y,11580.0,22.58203799654577,3,904.4675925925926,Low Risk
Male,Yes,0,Not Graduate,No,116.0,0,Semiurban,N,4511.0,25.71491908667701,2,349.06481481481484,High Risk
Male,Yes,2,Not Graduate,No,112.0,0,Rural,N,5282.0,21.204089360090876,4,414.24074074074076,High Risk
Male,Yes,1,Graduate,No,151.0,1,Semiurban,N,6642.0,22.73411623005119,3,518.5462962962963,Low Risk
Male,Yes,0,Graduate,Yes,191.0,1,Semiurban,Y,9560.0,19.97907949790795,2,752.4537037037037,Low Risk
Male,Yes,0,Graduate,No,122.0,1,Semiurban,Y,5052.0,24.148851939825814,2,392.75925925925924,Medium Risk
Male,Yes,2,Not Graduate,No,110.0,1,Urban,Y,5266.0,20.888720091150777,4,413.3703703703703,Low Risk
Male,No,0,Not Graduate,No,35.0,1,Urban,N,1442.0,24.271844660194176,1,112.06481481481482,Medium Risk
Female,No,2,Graduate,No,120.0,1,Semiurban,Y,5833.0,20.5726041488085,3,458.30555555555554,Low Risk
Male,Yes,1,Graduate,No,201.0,1,Urban,N,7535.0,26.675514266755144,3,581.3888888888888,Medium Risk
Male,No,0,Graduate,No,74.0,1,Urban,N,3167.0,23.365961477739187,1,246.78703703703707,Low Risk
Male,No,1,Graduate,Yes,106.0,1,Rural,N,4692.0,22.59164535379369,2,366.46296296296293,Low Risk
Male,Yes,0,Graduate,No,114.0,1,Semiurban,Y,5167.0,22.063092703696537,2,404.19444444444446,Low Risk
Male,No,3,Graduate,No,261.5,1,Rural,N,12555.375,20.827733142180143,4,985.7488425925926,Low Risk
Male,Yes,0,Graduate,No,128.0,1,Urban,Y,4342.0,29.47950253339475,2,332.2037037037037,Medium Risk
Male,Yes,0,Graduate,No,100.0,0,Urban,N,3158.0,31.665611146295124,2,240.01851851851853,High Risk
Female,Yes,0,Graduate,No,144.0,1,Semiurban,Y,5126.0,28.092079594225517,2,393.83333333333337,Medium Risk
Male,No,0,Graduate,No,184.0,1,Urban,Y,11376.0,16.17440225035162,1,905.4074074074074,Low Risk
Male,No,0,Not Graduate,No,110.0,1,Semiurban,Y,5416.0,20.310192023633675,1,425.8703703703703,Low Risk
Male,No,0,Graduate,No,80.0,1,Urban,N,3600.0,22.22222222222222,1,281.48148148148147,Low Risk
Male,No,0,Graduate,No,47.0,1,Urban,Y,3013.0,15.599070693660805,1,240.20370370370372,Low Risk
Male,Yes,0,Graduate,No,75.0,1,Urban,Y,2400.0,31.25,2,182.63888888888889,Medium Risk
Male,Yes,0,Graduate,No,134.0,1,Semiurban,Y,6277.0,21.347777600764697,2,492.06481481481484,Low Risk
Male,Yes,0,Not Graduate,Yes,96.0,1,Urban,Y,4695.0,20.447284345047922,2,369.02777777777777,Low Risk
Female,No,0,Graduate,No,88.0,1,Urban,Y,3410.0,25.806451612903224,1,263.7962962962963,Medium Risk
Male,Yes,1,Graduate,No,44.0,1,Urban,Y,5649.0,7.788989201628607,3,460.56481481481484,Low Risk
Male,Yes,0,Graduate,No,144.0,1,Urban,Y,5821.0,24.738017522762412,2,451.75,Medium Risk
Female,Yes,0,Graduate,No,120.0,0,Urban,N,6085.0,19.72062448644207,2,479.30555555555554,High Risk
Female,No,0,Graduate,No,144.0,1,Semiurban,Y,6275.0,22.94820717131474,1,489.5833333333333,Low Risk
Female,Yes,0,Not Graduate,No,100.0,1,Semiurban,Y,3572.0,27.99552071668533,2,274.51851851851853,Medium Risk
Female,No,0,Graduate,No,120.0,1,Semiurban,Y,3086.0,38.8852883992223,1,229.3888888888889,Medium Risk
Female,No,0,Graduate,No,112.0,1,Semiurban,N,4230.0,26.477541371158388,1,326.5740740740741,Medium Risk
Male,Yes,2,Graduate,No,134.0,1,Urban,N,4616.0,29.02946273830156,4,353.64814814814815,Medium Risk
Female,Yes,1,Graduate,Yes,261.5,0,Urban,N,11500.0,22.73913043478261,3,897.800925925926,High Risk
Male,Yes,2,Graduate,No,97.0,1,Semiurban,Y,3875.0,25.032258064516128,4,300.462962962963,Medium Risk
Male,Yes,0,Graduate,No,96.0,1,Semiurban,Y,3723.0,25.785656728444803,2,288.02777777777777,Medium Risk
Male,Yes,0,Graduate,No,135.0,1,Rural,N,5566.0,24.254401724757457,2,432.5833333333333,Medium Risk
Male,Yes,1,Graduate,No,180.0,1,Urban,Y,10330.0,17.424975798644724,3,819.1666666666667,Low Risk
Male,Yes,2,Not Graduate,No,144.0,1,Urban,Y,6216.0,23.166023166023166,4,484.6666666666667,Low Risk
Male,Yes,0,Graduate,No,120.0,1,Urban,Y,6296.0,19.05972045743329,2,496.88888888888886,Low Risk
Male,Yes,3,Graduate,No,99.0,1,Urban,Y,3029.0,32.684054143281614,5,229.5,Medium Risk
Male,Yes,0,Not Graduate,Yes,165.0,0,Rural,N,6058.0,27.23671178606801,2,428.44444444444446,High Risk
Male,Yes,1,Graduate,No,128.0,0,Rural,N,4945.0,25.88473205257836,3,382.4537037037037,High Risk
Female,No,0,Graduate,No,116.0,0,Semiurban,N,4166.0,27.84445511281805,1,320.31481481481484,High Risk
Male,Yes,0,Graduate,No,258.0,1,Semiurban,N,10321.0,24.997577754093598,2,800.3611111111112,Medium Risk
Male,No,0,Not Graduate,No,126.0,0,Urban,N,5454.0,23.102310231023104,1,396.1666666666667,High Risk
Male,Yes,1,Graduate,No,261.5,1,Urban,Y,10750.0,24.325581395348838,3,835.300925925926,Medium Risk
Male,Yes,3,Not Graduate,Yes,125.0,1,Urban,Y,7100.0,17.605633802816904,5,418.05555555555554,Low Risk
Female,No,0,Graduate,No,136.0,0,Semiurban,N,4300.0,31.62790697674419,1,326.85185185185185,High Risk
Male,Yes,0,Graduate,No,172.0,1,Urban,Y,6274.0,27.414727446605035,2,483.01851851851853,Medium Risk
Male,Yes,2,Not Graduate,Yes,97.0,1,Semiurban,Y,3750.0,25.866666666666667,4,290.0462962962963,Medium Risk
Male,No,0,Graduate,No,81.0,1,Semiurban,Y,3500.0,23.142857142857142,1,269.1666666666667,Low Risk
Male,Yes,3,Not Graduate,No,95.0,0,Semiurban,N,4755.0,19.978969505783386,5,374.25925925925924,High Risk
Male,Yes,3,Graduate,Yes,187.0,1,Semiurban,Y,7040.0,26.5625,5,543.3796296296296,Medium Risk
Male,No,0,Graduate,No,113.0,1,Urban,N,3750.0,30.133333333333333,1,292.88194444444446,Medium Risk
Male,No,0,Graduate,No,176.0,1,Urban,N,8500.0,20.705882352941178,1,667.5925925925926,Low Risk
Male,Yes,1,Graduate,Yes,110.0,1,Urban,N,4022.0,27.349577324714073,3,309.7037037037037,Medium Risk
Male,Yes,3,Graduate,No,180.0,0,Semiurban,N,7167.0,25.115110925073253,5,547.25,High Risk
Male,Yes,3,Not Graduate,Yes,130.0,1,Semiurban,Y,5499.0,23.64066193853428,5,428.1574074074074,Low Risk
Female,No,0,Graduate,No,111.0,1,Semiurban,Y,3846.0,28.861154446177846,1,294.80555555555554,Medium Risk
Male,Yes,1,Graduate,Yes,128.0,1,Semiurban,Y,2395.0,53.4446764091858,3,169.95370370370372,Medium Risk
Female,Yes,2,Graduate,No,167.0,1,Urban,N,3259.0,51.2427124884934,4,232.9259259259259,Medium Risk
Male,Yes,0,Graduate,No,261.5,1,Semiurban,N,8250.0,31.696969696969695,2,626.9675925925926,Medium Risk
Male,Yes,1,Graduate,No,50.0,1,Urban,Y,3988.0,12.537612838515546,3,314.97222222222223,Low Risk
Male,No,0,Graduate,No,136.0,1,Semiurban,Y,4897.0,27.77210537063508,1,376.60185185185185,Medium Risk
Male,Yes,2,Not Graduate,No,99.0,1,Semiurban,Y,5333.0,18.5636602287643,4,421.5,Low Risk
Male,Yes,0,Graduate,No,104.0,1,Semiurban,Y,4618.0,22.52057167605024,2,360.75925925925924,Low Risk
Male,No,0,Graduate,No,210.0,1,Urban,Y,8566.0,24.51552650011674,1,665.2222222222223,Medium Risk
Male,Yes,0,Graduate,No,175.0,1,Semiurban,Y,9862.0,17.744879334820524,2,781.3240740740741,Low Risk
Male,Yes,0,Graduate,No,131.0,1,Semiurban,Y,5858.0,22.362581085694778,2,457.8425925925926,Low Risk
Male,Yes,2,Graduate,No,188.0,1,Semiurban,Y,11904.0,15.793010752688172,4,904.9629629629629,Low Risk
Male,Yes,2,Not Graduate,No,81.0,1,Urban,Y,5093.0,15.904182210877675,4,405.6666666666667,Low Risk
Male,No,0,Graduate,No,122.0,1,Semiurban,Y,4133.0,29.518509557222355,1,316.1759259259259,Medium Risk
Male,No,0,Not Graduate,No,25.0,1,Semiurban,Y,3620.0,6.906077348066298,1,284.3055555555556,Low Risk
Male,No,0,Graduate,No,128.0,1,Urban,N,6782.0,18.873488646416988,1,535.537037037037,Low Risk
Female,Yes,0,Graduate,No,137.0,1,Semiurban,Y,4786.0,28.625156707062267,2,367.1203703703703,Medium Risk
Male,Yes,0,Graduate,No,50.0,1,Semiurban,Y,2974.0,16.812373907195695,2,236.25925925925927,Low Risk
Male,Yes,0,Not Graduate,No,115.0,1,Semiurban,Y,4188.0,27.45940783190067,2,295.75925925925924,Medium Risk
Male,Yes,0,Graduate,No,131.0,1,Semiurban,Y,5300.0,24.71698113207547,2,411.3425925925926,Medium Risk
Male,Yes,2,Not Graduate,No,133.0,1,Urban,Y,7551.0,17.61356111773275,4,567.6759259259259,Low Risk
Male,No,0,Graduate,No,151.0,1,Semiurban,Y,8649.0,17.458665741704245,1,685.7962962962963,Low Risk
Male,Yes,0,Graduate,No,128.0,1,Urban,Y,12555.375,10.194836872654143,2,1016.6516203703703,Low Risk
Male,Yes,0,Graduate,No,128.0,1,Semiurban,Y,8235.0,15.543412264723742,2,656.6203703703703,Low Risk
Male,Yes,0,Graduate,No,160.0,1,Urban,Y,4570.0,35.010940919037196,2,343.7962962962963,Medium Risk
Male,Yes,1,Graduate,No,100.0,1,Urban,Y,4082.0,24.497795198432144,3,317.01851851851853,Medium Risk
Male,Yes,2,Graduate,No,225.0,1,Urban,Y,12543.0,17.93829227457546,4,993.1666666666666,Low Risk
Male,No,0,Not Graduate,No,120.0,1,Rural,N,7333.0,16.36438019909996,1,583.3055555555555,Low Risk
Male,Yes,2,Graduate,No,216.0,0,Urban,N,7400.0,29.18918918918919,4,566.6666666666666,High Risk
Male,Yes,3,Not Graduate,No,94.0,1,Semiurban,Y,2825.0,33.27433628318584,5,219.0972222222222,Medium Risk
Male,No,0,Graduate,No,136.0,1,Urban,Y,5316.0,25.583145221971407,1,411.51851851851853,Medium Risk
Female,Yes,0,Graduate,No,139.0,1,Semiurban,Y,5262.0,26.415811478525278,2,406.3240740740741,Medium Risk
Male,Yes,0,Not Graduate,No,152.0,0,Rural,N,7686.0,19.776216497527972,2,605.3148148148148,High Risk
Female,No,1,Graduate,Yes,128.0,1,Semiurban,Y,7451.0,17.17890216078379,2,591.287037037037,Low Risk
Male,No,0,Graduate,No,118.0,1,Semiurban,Y,5050.0,23.366336633663366,1,393.5185185185185,Low Risk
Male,Yes,1,Graduate,No,185.0,1,Rural,Y,12555.375,14.734725167507941,3,960.6331018518518,Low Risk
Female,Yes,0,Graduate,No,154.0,1,Semiurban,Y,5450.0,28.256880733944953,2,418.51851851851853,Medium Risk
Male,Yes,1,Graduate,No,85.0,1,Urban,Y,3612.0,23.53266888150609,3,281.3240740740741,Low Risk
Male,Yes,0,Graduate,No,175.0,1,Rural,N,7710.0,22.69779507133593,2,601.9907407407408,Low Risk
Female,No,0,Graduate,No,259.0,1,Urban,Y,10408.0,24.884704073789393,1,807.3796296296297,Medium Risk
Male,Yes,0,Graduate,No,180.0,1,Rural,Y,8334.0,21.598272138228943,2,652.8333333333334,Low Risk
Female,No,0,Graduate,No,44.0,1,Semiurban,Y,4166.0,10.56168987037926,1,336.9814814814815,Low Risk
Female,No,0,Graduate,No,137.0,0,Semiurban,Y,11117.0,12.323468561662319,1,894.7037037037037,High Risk
Male,Yes,2,Graduate,No,81.0,1,Semiurban,Y,2957.0,27.392627663172135,4,227.66666666666666,Medium Risk
Male,Yes,0,Not Graduate,No,194.0,1,Rural,Y,6314.0,30.72537218878682,2,481.25925925925924,Medium Risk
Female,No,0,Graduate,No,93.0,1,Rural,Y,3692.0,25.189599133261105,1,286.1388888888889,Medium Risk
Male,Yes,3,Graduate,No,261.5,1,Rural,Y,12555.375,20.827733142180143,5,985.7488425925926,Low Risk
Male,No,0,Graduate,No,128.0,1,Rural,Y,5505.0,23.251589464123523,1,429.1203703703704,Low Risk
Male,Yes,1,Graduate,Yes,160.0,0,Urban,N,12555.375,12.743546090817677,3,972.207175925926,High Risk
Male,Yes,0,Graduate,No,182.0,1,Rural,N,8649.0,21.042895132385247,2,678.6203703703703,Low Risk
Male,No,0,Graduate,Yes,261.5,1,Urban,Y,12555.375,20.827733142180143,1,1000.8819444444445,Low Risk
Male,No,0,Graduate,No,74.0,1,Urban,Y,3943.0,18.76743596246513,1,311.4537037037037,Low Risk
Male,No,0,Graduate,No,70.0,1,Semiurban,Y,2718.0,25.754231052244297,1,210.2962962962963,Medium Risk
Male,Yes,0,Graduate,Yes,25.0,1,Semiurban,Y,3459.0,7.227522405319457,2,270.8888888888889,Low Risk
Male,No,0,Graduate,No,102.0,1,Semiurban,Y,4895.0,20.837589376915222,1,384.3055555555556,Low Risk
Male,Yes,3,Graduate,No,261.5,1,Semiurban,N,11750.0,22.25531914893617,5,918.6342592592592,Low Risk
Female,Yes,0,Graduate,No,84.0,1,Rural,N,4583.0,18.3286057167794,2,362.47222222222223,Low Risk
Male,Yes,2,Graduate,Yes,88.0,1,Urban,Y,6816.0,12.910798122065728,4,547.6296296296297,Low Risk
Male,No,0,Graduate,No,242.0,0,Semiurban,N,12555.375,19.27461346236174,1,990.2627314814815,High Risk
Male,Yes,2,Not Graduate,No,129.0,1,Rural,N,5630.0,22.91296625222025,4,439.3055555555556,Low Risk
Male,Yes,2,Graduate,No,185.0,1,Rural,N,7125.0,25.964912280701753,4,550.925925925926,Medium Risk
Male,No,0,Graduate,No,168.0,1,Urban,Y,5417.0,31.013476093778845,1,412.52777777777777,Medium Risk
Male,No,0,Graduate,Yes,175.0,1,Semiurban,Y,6950.0,25.179856115107913,1,498.1481481481481,Medium Risk
Male,Yes,0,Graduate,No,122.0,1,Semiurban,Y,4732.0,25.78191039729501,2,366.09259259259255,Medium Risk
Male,Yes,2,Graduate,No,187.0,1,Urban,Y,11757.0,15.905418048821979,4,893.1759259259259,Low Risk
Female,Yes,0,Graduate,No,100.0,1,Semiurban,Y,6816.0,14.671361502347418,2,544.8518518518518,Low Risk
Female,Yes,2,Graduate,No,70.0,1,Urban,Y,12555.375,5.575301414732734,4,1030.0775462962963,Low Risk
Male,Yes,1,Graduate,No,30.0,1,Urban,Y,2963.0,10.12487343908201,3,239.9722222222222,Low Risk
Female,No,0,Graduate,No,225.0,1,Rural,N,11666.0,19.286816389507973,1,920.0833333333333,Low Risk
Male,Yes,0,Graduate,No,125.0,1,Semiurban,Y,5690.0,21.968365553602812,2,445.2314814814815,Low Risk
Male,No,0,Graduate,No,118.0,0,Rural,N,6277.0,18.798789230524136,1,495.76851851851853,High Risk
Male,Yes,0,Graduate,Yes,152.0,1,Rural,Y,6327.0,24.024024024024023,2,492.06481481481484,Medium Risk
Male,No,0,Graduate,No,244.0,1,Urban,N,9166.0,26.620117826751034,1,707.3518518518518,Medium Risk
Male,Yes,2,Not Graduate,No,113.0,1,Rural,N,2281.0,49.53967558088557,4,163.92592592592592,Medium Risk
Male,No,0,Graduate,No,50.0,1,Urban,Y,3254.0,15.365703749231715,1,259.5925925925926,Low Risk
Male,Yes,3,Graduate,No,261.5,0,Semiurban,Y,12555.375,20.827733142180143,5,925.2164351851852,High Risk
Male,Yes,1,Graduate,No,160.0,1,Rural,Y,6000.0,26.666666666666668,3,462.962962962963,Medium Risk
Male,Yes,1,Graduate,No,187.0,1,Urban,Y,9538.0,19.605787376808554,3,751.5462962962963,Low Risk
Male,No,0,Graduate,No,120.0,1,Rural,Y,5063.0,23.701362828362633,1,394.1388888888889,Low Risk
Male,Yes,0,Graduate,No,255.0,1,Semiurban,Y,10208.0,24.980407523510973,2,791.6388888888888,Medium Risk
Male,Yes,0,Not Graduate,No,98.0,1,Semiurban,Y,2904.0,33.7465564738292,2,219.3148148148148,Medium Risk
Male,Yes,0,Graduate,No,261.5,1,Urban,N,7933.0,32.96356989789487,2,600.550925925926,Medium Risk
Male,Yes,1,Graduate,No,121.0,0,Semiurban,N,4369.0,27.695124742504007,3,336.0740740740741,High Risk
Male,Yes,2,Graduate,No,158.0,1,Rural,Y,5614.0,28.14392589953687,4,431.25925925925924,Medium Risk
Male,Yes,0,Graduate,No,75.0,1,Urban,Y,9323.0,8.044620830204869,2,742.1944444444445,Low Risk
Male,Yes,0,Graduate,No,182.0,1,Rural,Y,6873.0,26.480430670740578,2,530.6203703703703,Medium Risk
Female,Yes,0,Graduate,No,112.0,1,Rural,N,4583.0,24.43814095570587,2,355.99074074074076,Medium Risk
Male,Yes,0,Graduate,No,129.0,1,Rural,Y,5772.0,22.349272349272347,2,451.1388888888889,Low Risk
Male,No,0,Graduate,No,63.0,0,Semiurban,N,2237.0,28.162717925793473,1,175.47916666666666,High Risk
Male,Yes,2,Graduate,No,200.0,1,Semiurban,Y,8000.0,25.0,4,620.3703703703703,Medium Risk
Male,Yes,0,Not Graduate,No,95.0,1,Rural,Y,3589.0,26.469768737809975,2,277.09259259259255,Medium Risk
Male,Yes,3,Graduate,No,261.5,1,Urban,Y,12555.375,20.827733142180143,5,973.6423611111111,Low Risk
Male,Yes,3,Not Graduate,No,81.0,1,Rural,N,3522.0,22.998296422487225,5,256.0,Low Risk
Male,Yes,0,Graduate,No,187.0,1,Semiurban,Y,11333.0,16.500485308391422,2,901.1296296296296,Low Risk
Male,Yes,0,Not Graduate,Yes,87.0,1,Semiurban,N,5080.0,17.125984251968504,2,403.1944444444444,Low Risk
Male,Yes,0,Graduate,No,116.0,1,Rural,Y,5461.0,21.241530855154732,2,428.23148148148147,Low Risk
Male,Yes,2,Graduate,No,101.0,1,Rural,Y,3664.0,27.565502183406114,4,281.9537037037037,Medium Risk
Male,Yes,3,Graduate,No,261.5,0,Semiurban,N,12555.375,20.827733142180143,5,985.7488425925926,High Risk
Male,Yes,1,Graduate,No,116.0,1,Semiurban,Y,3750.0,30.933333333333334,3,285.64814814814815,Medium Risk
Male,No,0,Not Graduate,No,102.0,0,Urban,N,3784.0,26.955602536997887,1,297.625,High Risk
Male,Yes,1,Graduate,No,180.0,0,Urban,N,12555.375,14.336489352169888,3,1004.6145833333334,High Risk
Male,No,0,Graduate,No,67.0,1,Rural,N,6979.0,9.60022925920619,1,566.0740740740741,Low Risk
Male,Yes,0,Graduate,No,73.0,1,Semiurban,Y,4600.0,15.869565217391306,2,349.537037037037,Low Risk
Male,Yes,1,Graduate,No,260.0,1,Semiurban,N,12555.375,20.708262397578725,3,986.0960648148148,Low Risk
Female,Yes,0,Graduate,No,108.0,1,Semiurban,Y,3625.0,29.79310344827586,2,277.0833333333333,Medium Risk
Male,Yes,0,Graduate,Yes,120.0,1,Semiurban,Y,12555.375,9.557659568113259,2,1018.5034722222222,Low Risk
Male,Yes,1,Graduate,Yes,66.0,0,Rural,N,2178.0,30.303030303030305,3,163.16666666666666,High Risk
Male,Yes,0,Graduate,No,58.0,1,Rural,Y,4521.0,12.829020128290201,2,363.3240740740741,Low Risk
Male,Yes,0,Graduate,Yes,168.0,1,Rural,Y,5970.0,28.14070351758794,2,458.6111111111111,Medium Risk
Male,Yes,0,Graduate,No,188.0,1,Rural,Y,9328.0,20.154373927958837,2,690.2962962962963,Low Risk
Male,No,0,Not Graduate,No,48.0,1,Rural,Y,4885.0,9.825997952917094,1,395.97222222222223,Low Risk
Male,No,0,Graduate,No,164.0,1,Semiurban,N,12000.0,13.666666666666666,1,962.0370370370371,Low Risk
Male,Yes,0,Not Graduate,No,160.0,1,Urban,N,6033.0,26.52080225426819,2,465.712962962963,Medium Risk
Male,No,0,Graduate,No,76.0,1,Semiurban,Y,3858.0,19.699326075686884,1,303.9074074074074,Low Risk
Male,No,0,Graduate,No,120.0,1,Rural,Y,4191.0,28.63278453829635,1,321.47222222222223,Medium Risk
Male,Yes,1,Graduate,No,170.0,1,Semiurban,N,5708.0,29.782761037140855,3,436.31481481481484,Medium Risk
Male,No,0,Graduate,No,187.0,1,Rural,Y,12083.0,15.476289001075891,1,963.6296296296296,Low Risk
Female,No,0,Not Graduate,No,120.0,1,Urban,Y,4272.0,28.089887640449437,1,328.22222222222223,Medium Risk
Female,Yes,0,Graduate,No,113.0,1,Semiurban,Y,6232.0,18.13222079589217,2,493.175925925926,Low Risk
Male,No,0,Graduate,Yes,83.0,1,Urban,N,11000.0,7.545454545454546,1,897.4537037037037,Low Risk
Male,Yes,1,Not Graduate,No,90.0,1,Semiurban,Y,5100.0,17.647058823529413,3,404.1666666666667,Low Risk
Male,No,2,Graduate,No,166.0,0,Semiurban,Y,4923.0,33.719276863701,3,371.8240740740741,High Risk
Male,Yes,3,Not Graduate,No,128.0,1,Urban,N,3992.0,32.06412825651302,5,273.40740740740745,Medium Risk
Male,Yes,1,Not Graduate,No,135.0,1,Urban,Y,4583.0,29.45668775910975,3,350.6666666666667,Medium Risk
Male,Yes,2,Not Graduate,No,124.0,1,Semiurban,Y,3917.0,31.65688026550932,4,297.712962962963,Medium Risk
Female,No,0,Not Graduate,No,120.0,1,Semiurban,Y,4408.0,27.223230490018146,1,339.55555555555554,Medium Risk
Female,No,0,Graduate,No,80.0,1,Urban,Y,3244.0,24.660912453760787,1,251.8148148148148,Medium Risk
Male,No,0,Not Graduate,No,55.0,1,Rural,Y,6506.0,8.453735013833384,1,529.4351851851851,Low Risk
Male,No,0,Graduate,No,59.0,1,Urban,Y,2479.0,23.79991932230738,1,192.92592592592592,Medium Risk
Male,No,0,Graduate,No,127.0,1,Semiurban,N,3418.0,37.15623171445289,1,255.43518518518516,Medium Risk
Female,No,0,Graduate,No,214.0,1,Semiurban,N,10000.0,21.4,1,783.7962962962963,Low Risk
Male,Yes,3,Graduate,No,128.0,0,Semiurban,N,4680.0,27.350427350427353,5,360.3703703703704,High Risk
Male,Yes,1,Graduate,Yes,240.0,1,Urban,Y,7787.0,30.820598433286246,3,593.3611111111111,Medium Risk
Male,Yes,3,Not Graduate,Yes,130.0,1,Rural,Y,5703.0,22.79502016482553,5,445.1574074074074,Low Risk
Male,Yes,0,Graduate,No,137.0,1,Urban,Y,6194.0,22.118178882789795,2,484.4537037037037,Low Risk
Male,Yes,3,Not Graduate,No,100.0,1,Semiurban,Y,4833.0,20.69108214359611,5,379.60185185185185,Low Risk
Male,Yes,0,Graduate,No,135.0,1,Rural,N,1950.0,69.23076923076923,2,131.25,Medium Risk
Male,Yes,0,Graduate,No,131.0,1,Semiurban,Y,5502.0,23.80952380952381,2,428.1759259259259,Medium Risk
Male,Yes,2,Graduate,No,72.0,0,Semiurban,N,5000.0,14.4,4,400.0,High Risk
Female,Yes,2,Graduate,No,127.0,1,Semiurban,Y,6666.0,19.05190519051905,4,526.1018518518518,Low Risk
Male,Yes,0,Graduate,No,60.0,0,Urban,N,2221.0,27.014858171994597,2,171.19444444444446,High Risk
Male,Yes,2,Graduate,No,116.0,1,Semiurban,Y,5726.0,20.258470136220748,4,450.31481481481484,Low Risk
Male,No,0,Graduate,No,144.0,1,Semiurban,Y,5762.0,24.991322457480045,1,446.83333333333337,Medium Risk
Male,Yes,0,Graduate,No,175.0,1,Semiurban,Y,8588.0,20.377270610153705,2,675.1574074074074,Low Risk
Male,Yes,0,Graduate,No,128.0,1,Semiurban,Y,6250.0,20.48,2,491.20370370370375,Low Risk
Male,Yes,0,Graduate,No,170.0,1,Rural,N,3250.0,52.30769230769231,2,231.48148148148147,Medium Risk
Male,Yes,0,Not Graduate,Yes,138.0,1,Urban,N,4735.0,29.144667370644136,2,362.63888888888886,Medium Risk
Male,Yes,2,Graduate,No,210.0,1,Semiurban,Y,7945.0,26.431718061674008,4,613.4722222222223,Medium Risk
Male,Yes,0,Graduate,No,158.0,1,Semiurban,Y,4758.0,33.2072299285414,2,369.06944444444446,Medium Risk
Male,No,0,Graduate,Yes,200.0,1,Rural,Y,6400.0,31.25,1,487.03703703703707,Medium Risk
Male,Yes,1,Graduate,No,104.0,1,Semiurban,Y,4545.0,22.882288228822883,3,354.6759259259259,Low Risk
Male,Yes,0,Graduate,No,42.0,1,Rural,Y,3716.0,11.302475780409042,2,290.22222222222223,Low Risk
Male,No,0,Not Graduate,No,120.0,1,Rural,Y,5787.0,20.73613271124935,1,454.47222222222223,Low Risk
Female,No,0,Graduate,No,261.5,1,Semiurban,Y,8333.0,31.381255250210007,1,633.8842592592592,Medium Risk
Male,Yes,1,Graduate,No,140.0,1,Semiurban,Y,4934.0,28.37454398054317,3,378.7592592592593,Medium Risk
Male,Yes,1,Graduate,No,170.0,1,Rural,Y,6760.0,25.14792899408284,3,523.9814814814815,Medium Risk
Male,Yes,0,Graduate,No,255.0,1,Urban,N,5746.0,44.378698224852066,2,419.80555555555554,Medium Risk
Female,No,0,Graduate,Yes,122.0,1,Urban,Y,3463.0,35.229569737222064,1,260.34259259259255,Medium Risk
Female,No,1,Graduate,No,112.0,1,Rural,Y,3812.0,29.380902413431272,2,291.74074074074076,Medium Risk
Male,Yes,1,Graduate,No,96.0,1,Semiurban,Y,3315.0,28.959276018099548,3,254.02777777777777,Medium Risk
Male,Yes,2,Graduate,No,120.0,1,Rural,Y,10819.0,11.09159811442832,4,873.8055555555555,Low Risk
Male,Yes,1,Not Graduate,No,140.0,1,Urban,N,4493.0,31.15958157133318,3,309.60185185185185,Medium Risk
Male,No,0,Graduate,No,155.0,1,Urban,Y,8666.0,17.88599123009462,1,506.8888888888888,Low Risk
Male,Yes,2,Graduate,Yes,108.0,1,Rural,Y,7550.0,14.304635761589404,4,604.1666666666666,Low Risk
Male,Yes,0,Not Graduate,No,123.0,1,Semiurban,Y,7823.0,15.72286846478333,2,623.4444444444445,Low Risk
Male,No,0,Graduate,Yes,120.0,1,Urban,N,10383.0,11.55735336607917,1,809.6944444444445,Low Risk
Male,Yes,2,Graduate,No,112.0,1,Urban,Y,9703.0,11.542821807688345,4,782.6574074074074,Low Risk
Male,Yes,1,Not Graduate,No,137.0,1,Urban,Y,6608.0,20.732445520581116,3,487.2407407407407,Low Risk
Male,Yes,1,Graduate,No,123.0,1,Semiurban,Y,4725.0,26.031746031746035,3,372.3958333333333,Medium Risk
Male,Yes,0,Graduate,No,90.0,1,Urban,Y,3677.0,24.476475387544195,2,285.58333333333337,Medium Risk
Male,Yes,0,Not Graduate,No,201.0,0,Semiurban,N,5558.0,36.1640878013674,2,416.6388888888889,High Risk
Female,No,2,Graduate,No,138.0,1,Urban,N,3427.0,40.26845637583892,3,253.63888888888886,Medium Risk
Male,No,0,Not Graduate,Yes,104.0,1,Rural,Y,4750.0,21.894736842105264,1,371.75925925925924,Low Risk
Male,Yes,1,Not Graduate,No,261.5,1,Semiurban,Y,9762.0,26.787543536160623,3,692.4351851851852,Medium Risk
Male,No,0,Graduate,Yes,192.0,0,Urban,N,12555.375,15.292255308981213,1,1001.8368055555555,High Risk
Female,No,3,Graduate,No,255.0,1,Rural,Y,3083.0,82.71164450210833,4,197.8888888888889,Medium Risk
Male,No,0,Not Graduate,No,115.0,0,Rural,N,6045.0,19.02398676592225,1,477.1296296296296,High Risk
Male,Yes,3,Graduate,No,94.0,1,Urban,N,5250.0,17.904761904761905,5,415.74074074074076,Low Risk
Male,Yes,0,Graduate,No,261.5,1,Rural,N,12555.375,20.827733142180143,2,985.7488425925926,Low Risk
Male,Yes,3,Not Graduate,No,128.0,1,Semiurban,N,4931.0,25.958223484080307,5,381.28703703703707,Medium Risk
Male,Yes,1,Graduate,No,261.5,1,Urban,Y,10333.0,25.307267976386335,3,800.550925925926,Medium Risk
Male,No,0,Graduate,No,134.0,1,Semiurban,Y,4269.0,31.389084094635745,1,324.73148148148147,Medium Risk
Female,No,1,Graduate,No,155.0,1,Semiurban,N,3481.0,44.52743464521689,2,-68.71296296296299,Medium Risk
Female,No,0,Graduate,No,120.0,1,Rural,Y,7200.0,16.666666666666668,1,572.2222222222222,Low Risk
Male,No,0,Graduate,Yes,128.0,1,Semiurban,Y,5166.0,24.777390631049165,1,400.8703703703704,Medium Risk
Male,No,0,Graduate,No,151.0,1,Rural,Y,7542.0,20.02121453195439,1,593.5462962962963,Low Risk
Male,Yes,2,Graduate,No,150.0,1,Semiurban,Y,6095.0,24.61033634126333,4,473.19444444444446,Medium Risk
Male,Yes,3,Graduate,No,160.0,0,Urban,Y,6144.0,26.041666666666668,5,474.962962962963,High Risk
Female,No,0,Graduate,No,135.0,1,Rural,N,3418.0,39.49678174370977,1,253.58333333333331,Medium Risk
Female,No,1,Graduate,No,90.0,1,Urban,Y,4436.0,20.288548241659154,2,348.83333333333337,Low Risk
Female,No,0,Graduate,No,30.0,1,Urban,Y,3237.0,9.267840593141798,1,262.80555555555554,Low Risk
Male,Yes,0,Graduate,No,136.0,1,Urban,Y,11146.0,12.201686703750223,2,897.3518518518518,Low Risk
Male,No,0,Graduate,No,126.0,1,Rural,Y,4690.0,26.865671641791042,1,361.66666666666663,Medium Risk
Male,Yes,0,Graduate,No,150.0,1,Semiurban,Y,4843.0,30.97253768325418,2,368.8611111111111,Medium Risk
Male,Yes,2,Graduate,No,90.0,1,Semiurban,Y,3900.0,23.076923076923077,4,304.1666666666667,Low Risk
Male,Yes,1,Graduate,No,115.0,1,Semiurban,Y,4592.0,25.043554006968645,3,356.0462962962963,Medium Risk
Male,Yes,0,Graduate,No,207.0,1,Semiurban,Y,7267.0,28.484931883858536,2,557.6666666666667,Medium Risk
Male,Yes,0,Graduate,No,80.0,1,Urban,Y,4403.0,18.169429934135817,2,348.39814814814815,Low Risk
Male,Yes,0,Graduate,No,261.5,1,Semiurban,Y,12555.375,20.827733142180143,2,985.7488425925926,Low Risk
Female,Yes,0,Not Graduate,No,124.0,1,Rural,Y,4100.0,30.243902439024392,2,312.962962962963,Medium Risk
Male,No,1,Not Graduate,Yes,158.0,0,Urban,N,6479.0,24.386479394968358,2,503.34259259259255,High Risk
Male,Yes,0,Graduate,No,112.0,1,Semiurban,Y,4727.0,23.693674635075098,2,367.99074074074076,Low Risk
Male,Yes,2,Graduate,No,78.0,1,Urban,Y,3286.7999878,23.731288879615953,4,237.7888878722222,Medium Risk
Female,No,0,Graduate,No,54.0,1,Urban,Y,3477.0,15.53062985332183,1,277.25,Low Risk
Male,Yes,0,Graduate,No,128.0,1,Rural,N,12555.375,10.194836872654143,2,1016.6516203703703,Low Risk
Male,No,0,Graduate,No,89.0,1,Rural,Y,6211.0,14.329415553051037,1,496.9814814814815,Low Risk
Female,No,0,Graduate,Yes,99.0,1,Semiurban,N,4317.0,22.932592077831828,1,332.25,Low Risk
Male,Yes,0,Graduate,No,120.0,1,Rural,Y,5704.0,21.03786816269285,2,447.55555555555554,Low Risk
Female,No,0,Graduate,No,115.0,1,Semiurban,Y,4124.0,27.885548011639187,1,317.0462962962963,Medium Risk
Male,No,0,Graduate,No,187.0,1,Rural,Y,9508.0,19.667648296171645,1,749.0462962962963,Low Risk
Male,Yes,0,Graduate,No,139.0,1,Rural,Y,5491.0,25.314150427973047,2,425.4074074074074,Medium Risk
Male,Yes,2,Graduate,No,127.0,0,Semiurban,N,4400.0,28.86363636363636,4,337.26851851851853,High Risk
Male,Yes,2,Graduate,No,134.0,1,Urban,Y,4713.0,28.43199660513473,4,361.73148148148147,Medium Risk
Female,No,0,Graduate,No,143.0,0,Urban,N,5417.0,26.398375484585564,1,426.59027777777777,High Risk
Male,Yes,0,Graduate,No,172.0,1,Semiurban,Y,5717.0,30.08570928808816,2,436.60185185185185,Medium Risk
Male,Yes,3,Graduate,No,110.0,1,Urban,Y,5666.0,19.41404871161313,5,446.7037037037037,Low Risk
Male,Yes,1,Graduate,No,200.0,1,Semiurban,Y,6875.0,29.09090909090909,3,526.6203703703703,Medium Risk
Female,Yes,1,Graduate,No,135.0,1,Urban,Y,4666.0,28.932704672096012,3,357.5833333333333,Medium Risk
Female,No,0,Graduate,No,151.0,1,Rural,N,7541.0,20.023869513327146,1,602.2013888888888,Low Risk
Male,Yes,1,Graduate,No,113.0,1,Urban,N,4939.0,22.87912532901397,3,385.4259259259259,Low Risk
Male,Yes,0,Not Graduate,No,93.0,0,Urban,N,4734.0,19.64512040557668,2,372.97222222222223,High Risk
Male,Yes,0,Not Graduate,No,105.0,1,Semiurban,Y,4625.0,22.7027027027027,2,361.11111111111114,Low Risk
Female,No,0,Graduate,No,132.0,1,Rural,Y,5000.0,26.4,1,386.11111111111114,Medium Risk
Male,Yes,1,Graduate,No,96.0,1,Urban,Y,3428.0,28.004667444574096,3,263.44444444444446,Medium Risk
Male,No,0,Graduate,No,140.0,1,Rural,Y,6500.0,21.53846153846154,1,509.25925925925924,Low Risk
Male,No,0,Not Graduate,No,128.0,1,Urban,N,2000.0,64.0,1,137.03703703703704,Medium Risk
Female,No,0,Graduate,No,135.0,1,Rural,Y,5428.0,24.871039056742816,1,421.0833333333333,Medium Risk
Female,No,0,Graduate,No,104.0,0,Urban,N,4263.0,24.39596528266479,1,331.1759259259259,High Risk
Male,No,0,Graduate,No,261.5,1,Rural,N,12555.375,20.827733142180143,1,985.7488425925926,Low Risk
Male,Yes,2,Not Graduate,No,185.0,1,Rural,Y,7667.0,24.129385678883526,4,596.0925925925926,Medium Risk
Female,No,0,Graduate,No,84.0,1,Semiurban,Y,2917.0,28.796708947548854,1,223.63888888888889,Medium Risk
Male,No,0,Not Graduate,No,111.0,1,Semiurban,Y,5332.0,20.817704426106527,1,418.63888888888886,Low Risk
Female,No,0,Graduate,No,56.0,1,Rural,Y,2507.0,22.337455125648184,1,195.9537037037037,Low Risk
Male,Yes,2,Graduate,Yes,144.0,1,Rural,Y,5746.0,25.06091193873999,4,335.9761904761905,Medium Risk
Male,Yes,0,Graduate,No,159.0,1,Rural,N,4316.0,36.83966635773865,2,322.86111111111114,Medium Risk
Male,Yes,1,Not Graduate,No,111.0,1,Urban,Y,5039.0,22.028180194483035,3,368.52777777777777,Low Risk
Male,Yes,2,Graduate,No,120.0,1,Semiurban,Y,3717.0,32.284100080710246,4,281.97222222222223,Medium Risk
Male,Yes,0,Graduate,No,88.0,1,Urban,Y,4192.0,20.99236641221374,2,328.96296296296293,Low Risk
Female,No,1,Graduate,No,112.0,1,Semiurban,Y,3541.0,31.629483196837054,2,269.1574074074074,Medium Risk
Male,Yes,1,Graduate,Yes,155.0,1,Rural,N,10000.0,15.5,3,797.4537037037037,Low Risk
Male,Yes,0,Graduate,No,115.0,1,Semiurban,Y,4567.0,25.180643748631486,2,353.96296296296293,Medium Risk
Male,Yes,3,Graduate,No,124.0,1,Semiurban,Y,4531.0,27.367027146325317,5,348.8796296296296,Medium Risk
Male,Yes,2,Not Graduate,No,128.0,1,Rural,Y,5191.0,24.658062030437296,4,402.9537037037037,Medium Risk
Female,No,0,Graduate,No,132.0,1,Rural,Y,6151.0,21.459925215412127,1,482.0277777777778,Low Risk
Male,Yes,3,Graduate,No,261.5,1,Rural,Y,12555.375,20.827733142180143,5,985.7488425925926,Low Risk
Male,Yes,1,Graduate,Yes,261.5,0,Rural,N,12555.375,20.827733142180143,3,985.7488425925926,High Risk
Male,No,0,Graduate,No,130.0,0,Rural,Y,4917.0,26.438885499288183,1,379.6574074074074,High Risk
Male,Yes,0,Graduate,Yes,184.0,1,Semiurban,Y,7978.0,23.063424417147154,2,622.2407407407408,Low Risk
Female,Yes,0,Graduate,No,110.0,1,Urban,N,6784.0,16.214622641509436,2,539.8703703703704,Low Risk
Female,No,0,Graduate,No,67.0,1,Urban,Y,2500.0,26.8,1,192.82407407407408,Medium Risk
Male,No,1,Graduate,No,117.0,1,Urban,Y,6177.0,18.94123360854784,2,487.6666666666667,Low Risk
Male,No,0,Graduate,No,98.0,1,Semiurban,Y,2935.0,33.3901192504259,1,221.89814814814815,Medium Risk
Male,No,0,Graduate,No,71.0,1,Urban,Y,2833.0,25.061771973173315,1,219.64814814814815,Medium Risk
Male,Yes,0,Graduate,No,261.5,1,Urban,Y,12555.375,20.827733142180143,2,925.2164351851852,Low Risk
Male,Yes,1,Graduate,Yes,182.0,1,Urban,Y,11666.0,15.600891479513114,3,887.9074074074074,Low Risk
Male,Yes,0,Graduate,Yes,70.0,1,Semiurban,Y,9993.0,7.004903432402681,2,816.5462962962963,Low Risk
Male,Yes,1,Graduate,No,160.0,1,Rural,Y,5938.0,26.94509936005389,3,457.7962962962963,Medium Risk
Male,Yes,2,Graduate,Yes,176.0,1,Rural,Y,7100.0,24.7887323943662,4,550.9259259259259,Medium Risk
Female,No,3,Not Graduate,No,128.0,0,Urban,N,1830.0,69.94535519125682,4,122.87037037037037,High Risk
Female,No,0,Graduate,No,71.0,1,Semiurban,Y,4160.0,17.067307692307693,1,330.2314814814815,Low Risk
Male,Yes,3,Not Graduate,No,173.0,1,Rural,N,4234.0,40.859707132735004,5,312.787037037037,Medium Risk
Female,No,0,Graduate,No,46.0,1,Rural,N,2378.0,19.343986543313708,1,187.5185185185185,Low Risk
Male,Yes,1,Not Graduate,No,158.0,1,Urban,Y,5783.0,27.321459450112396,3,445.3425925925926,Medium Risk
Male,Yes,3,Not Graduate,No,74.0,1,Semiurban,Y,3173.0,23.321777497636305,5,247.28703703703707,Low Risk
Male,Yes,2,Graduate,No,125.0,1,Rural,Y,4913.0,25.4427030327702,4,380.4814814814815,Medium Risk
Male,Yes,0,Graduate,No,160.0,1,Semiurban,Y,4957.0,32.27758725035304,2,376.0462962962963,Medium Risk
Male,Yes,0,Not Graduate,No,152.0,0,Rural,N,6753.0,22.50851473419221,2,527.5648148148148,High Risk
Male,Yes,2,Not Graduate,No,126.0,1,Urban,Y,5251.0,23.995429442011044,4,408.41666666666663,Medium Risk
Male,Yes,0,Graduate,No,259.0,1,Semiurban,Y,10916.0,23.72663979479663,2,849.7129629629629,Low Risk
Male,Yes,0,Graduate,No,187.0,1,Rural,Y,8875.0,21.070422535211268,2,696.2962962962963,Low Risk
Male,Yes,0,Graduate,No,228.0,1,Semiurban,Y,9083.0,25.101838599581637,2,704.1388888888889,Medium Risk
Male,No,0,Graduate,No,261.5,1,Rural,N,12555.375,20.827733142180143,1,985.7488425925926,Low Risk
Male,Yes,3,Graduate,No,95.0,1,Rural,Y,4749.0,20.00421141292904,5,373.75925925925924,Low Risk
Female,Yes,0,Graduate,Yes,105.0,0,Rural,N,5500.0,19.09090909090909,2,434.02777777777777,High Risk
Female,Yes,0,Graduate,No,130.0,1,Semiurban,Y,2928.0,44.39890710382514,2,213.90740740740742,Medium Risk
Female,No,0,Graduate,No,116.0,1,Urban,Y,3813.0,30.42223970626803,1,264.0462962962963,Medium Risk
Male,Yes,2,Graduate,No,165.0,1,Rural,Y,11500.0,14.347826086956522,4,920.1388888888889,Low Risk
Male,Yes,1,Graduate,No,67.0,1,Urban,N,3875.0,17.29032258064516,3,307.40740740740745,Low Risk
Male,Yes,0,Not Graduate,No,100.0,0,Urban,N,4666.0,21.43163309044149,2,371.47222222222223,High Risk
Male,Yes,3,Graduate,No,200.0,1,Semiurban,Y,8334.0,23.998080153587715,5,648.2037037037037,Medium Risk
Female,No,1,Graduate,No,81.0,1,Semiurban,N,4723.0,17.150116451408003,2,374.8333333333333,Low Risk
Male,Yes,2,Graduate,No,236.0,1,Semiurban,Y,8667.0,27.229721933771778,4,667.6203703703703,Medium Risk
Male,Yes,0,Graduate,No,130.0,1,Urban,Y,7083.0,18.353804884935762,2,560.1574074074074,Low Risk
Male,Yes,0,Graduate,No,95.0,1,Urban,Y,6046.0,15.7128680119087,2,477.44444444444446,Low Risk
Male,No,0,Graduate,Yes,141.0,1,Rural,Y,6822.0,20.668425681618295,1,535.8611111111111,Low Risk
Male,No,0,Not Graduate,No,133.0,1,Rural,N,6216.0,21.396396396396394,1,487.21296296296293,Low Risk
Male,No,0,Graduate,No,96.0,1,Semiurban,N,2500.0,38.4,1,191.66666666666669,Medium Risk
Male,No,0,Graduate,No,124.0,0,Rural,N,5124.0,24.19984387197502,1,398.2962962962963,High Risk
Male,Yes,1,Graduate,No,175.0,1,Semiurban,Y,6325.0,27.66798418972332,3,486.57407407407413,Medium Risk
Male,Yes,0,Graduate,No,261.5,1,Rural,N,12555.375,20.827733142180143,2,985.7488425925926,Low Risk
Female,No,0,Graduate,Yes,55.0,1,Semiurban,Y,12555.375,4.380593968718577,1,1033.5497685185185,Low Risk
Male,Yes,2,Graduate,No,155.0,1,Semiurban,Y,5185.0,29.893924783027966,4,396.2037037037037,Medium Risk
Male,Yes,2,Graduate,Yes,261.5,1,Rural,Y,12555.375,20.827733142180143,4,973.6423611111111,Low Risk
Male,No,1,Graduate,No,111.0,0,Urban,N,5049.0,21.9845513963161,2,369.3611111111111,High Risk
Female,No,0,Graduate,No,110.0,1,Urban,Y,4223.0,26.04783329386692,1,326.4537037037037,Medium Risk
Male,Yes,0,Graduate,No,120.0,1,Urban,Y,5740.0,20.905923344947734,2,422.77777777777777,Low Risk
Male,Yes,3,Graduate,No,130.0,1,Rural,Y,12555.375,10.354131198789363,5,1016.1886574074074,Low Risk
Male,Yes,0,Graduate,No,130.0,1,Semiurban,Y,4310.0,30.162412993039446,2,329.0740740740741,Medium Risk
Male,No,0,Graduate,No,71.0,1,Urban,N,3069.0,23.134571521668295,1,243.42361111111111,Low Risk
Male,Yes,2,Graduate,No,130.0,1,Urban,Y,5391.0,24.114264514932295,4,419.1574074074074,Medium Risk
Male,Yes,0,Graduate,No,128.0,1,Semiurban,Y,5833.0,21.944111092062403,2,456.4537037037037,Low Risk
Male,No,0,Graduate,No,261.5,1,Semiurban,Y,10173.0,25.7052983387398,1,787.2175925925926,Medium Risk
Female,No,0,Graduate,No,156.0,1,Urban,Y,6000.0,26.0,1,463.8888888888889,Medium Risk
Male,No,0,Graduate,Yes,128.0,1,Urban,Y,7167.0,17.859634435607646,1,567.6203703703703,Low Risk
Male,Yes,2,Graduate,No,100.0,1,Urban,N,4566.0,21.901007446342533,4,357.35185185185185,Low Risk
Male,No,1,Graduate,No,113.0,1,Urban,Y,3667.0,30.815380419961823,2,253.2685185185185,Medium Risk
Male,No,0,Not Graduate,No,132.0,1,Semiurban,Y,3946.0,33.451596553471866,1,298.27777777777777,Medium Risk
Male,Yes,0,Not Graduate,No,128.0,0,Urban,N,6146.0,20.826553856166612,2,482.537037037037,High Risk
Male,Yes,0,Graduate,No,136.0,1,Urban,Y,4750.0,28.63157894736842,2,364.35185185185185,Medium Risk
Male,Yes,0,Graduate,No,125.0,1,Rural,Y,5488.0,22.77696793002915,2,428.39814814814815,Low Risk
Male,No,3,Graduate,No,185.0,1,Rural,Y,9167.0,20.18108432420639,4,721.0925925925926,Low Risk
Male,Yes,3,Graduate,No,261.5,1,Rural,Y,9504.0,27.51473063973064,5,731.4675925925926,Medium Risk
Male,Yes,0,Graduate,No,120.0,1,Urban,Y,4698.0,25.542784163473815,2,363.72222222222223,Medium Risk
Male,Yes,2,Not Graduate,No,113.0,1,Semiurban,Y,3618.0,31.23272526257601,4,249.1851851851852,Medium Risk
Male,Yes,2,Graduate,No,113.0,1,Urban,Y,4500.0,25.11111111111111,4,348.8425925925926,Medium Risk
Male,Yes,2,Graduate,No,135.0,1,Semiurban,Y,3760.0,35.90425531914894,4,282.0833333333333,Medium Risk
Female,No,0,Graduate,No,71.0,0,Urban,N,3180.0,22.32704402515723,1,248.5648148148148,High Risk
Male,Yes,0,Graduate,No,95.0,1,Urban,Y,4492.0,21.148708815672308,2,352.34259259259255,Low Risk
Male,No,0,Not Graduate,No,109.0,1,Rural,Y,5568.0,19.57614942528736,1,438.76851851851853,Low Risk
Female,No,0,Graduate,No,103.0,0,Semiurban,N,3300.0,31.212121212121215,1,251.15740740740742,High Risk
Male,Yes,2,Not Graduate,No,45.0,0,Urban,N,2889.0,15.576323987538942,4,219.91666666666666,High Risk
Male,No,0,Not Graduate,No,65.0,1,Rural,N,2755.0,23.593466424682397,1,211.52777777777777,Low Risk
Male,No,0,Graduate,No,103.0,1,Semiurban,Y,12555.375,8.20365779596388,1,1022.4386574074074,Low Risk
Female,No,0,Not Graduate,No,53.0,1,Semiurban,Y,1963.0,26.999490575649514,1,151.31481481481484,Medium Risk
Female,No,0,Graduate,Yes,194.0,1,Rural,N,7441.0,26.07176454777584,1,575.175925925926,Medium Risk
Female,No,0,Graduate,No,115.0,1,Semiurban,Y,4547.0,25.29140092368595,1,352.2962962962963,Medium Risk
Male,Yes,0,Not Graduate,No,115.0,1,Urban,Y,4567.0,25.180643748631486,2,353.96296296296293,Medium Risk
Female,No,0,Not Graduate,No,66.0,1,Rural,Y,2213.0,29.8237686398554,1,169.13888888888889,Medium Risk
Male,Yes,1,Graduate,No,152.0,0,Semiurban,N,8300.0,18.31325301204819,3,649.4444444444445,High Risk
Male,Yes,3,Graduate,No,261.5,0,Rural,N,12555.375,20.827733142180143,5,985.7488425925926,High Risk
Female,No,1,Not Graduate,Yes,62.0,1,Semiurban,N,3867.0,16.03310059477631,2,307.89814814814815,Low Risk
Male,Yes,0,Graduate,No,160.0,1,Urban,Y,6256.0,25.57544757033248,2,484.29629629629636,Medium Risk
Male,Yes,0,Not Graduate,No,218.0,0,Rural,N,6096.0,35.76115485564304,2,457.53703703703707,High Risk
Male,Yes,0,Not Graduate,No,110.0,1,Rural,Y,4286.0,25.664955669622028,2,331.7037037037037,Medium Risk
Female,Yes,0,Not Graduate,No,178.0,0,Semiurban,N,5386.0,33.04864463423691,2,407.6296296296296,High Risk
Female,No,0,Graduate,No,60.0,1,Urban,Y,2995.0,20.033388981636058,1,235.69444444444446,Low Risk
Female,No,1,Graduate,No,160.0,1,Urban,N,2600.0,61.53846153846153,2,179.62962962962962,Medium Risk
Male,Yes,2,Graduate,Yes,239.0,1,Urban,N,12555.375,19.035671973158905,4,990.9571759259259,Low Risk
Male,Yes,0,Graduate,No,112.0,1,Rural,Y,3798.0,29.48920484465508,2,290.5740740740741,Medium Risk
Male,Yes,0,Graduate,No,138.0,1,Semiurban,Y,4663.0,29.59468153549217,2,356.63888888888886,Medium Risk
Male,Yes,0,Graduate,No,138.0,1,Rural,Y,5829.0,23.674729799279465,2,453.80555555555554,Low Risk
Female,No,0,Not Graduate,No,80.0,0,Urban,N,2720.0,29.41176470588235,1,208.14814814814815,High Risk
Male,Yes,0,Graduate,No,100.0,1,Urban,Y,3539.0,28.256569652444192,2,271.76851851851853,Medium Risk
Male,Yes,1,Graduate,No,110.0,0,Urban,N,8917.0,12.33598743972188,3,717.6203703703704,High Risk
Male,Yes,0,Graduate,No,96.0,1,Semiurban,Y,12555.375,7.6461276544906065,2,1024.0590277777778,Low Risk
Male,Yes,0,Graduate,No,121.0,1,Rural,Y,6966.0,17.37008326155613,2,552.4907407407408,Low Risk
Female,No,1,Not Graduate,No,81.0,1,Rural,N,4606.0,17.585757707338256,2,365.0833333333333,Low Risk
Male,Yes,2,Graduate,No,133.0,1,Semiurban,Y,5935.0,22.409435551811292,4,463.7962962962963,Low Risk
Male,Yes,0,Graduate,No,87.0,1,Rural,Y,2936.12000084,29.63094150617482,2,224.5377778477778,Medium Risk
Male,No,0,Not Graduate,No,60.0,1,Urban,Y,2717.0,22.08317997791682,1,198.63888888888889,Low Risk
Female,No,1,Graduate,Yes,150.0,1,Semiurban,Y,8624.0,17.393320964749535,2,683.9444444444445,Low Risk
Male,No,0,Graduate,No,105.0,0,Rural,N,6500.0,16.153846153846153,1,517.3611111111111,High Risk
Male,No,0,Graduate,No,261.5,1,Semiurban,Y,12555.375,20.827733142180143,1,985.7488425925926,Low Risk
Male,Yes,0,Graduate,No,143.0,1,Semiurban,Y,4765.0,30.01049317943337,2,363.98148148148147,Medium Risk
Male,No,0,Graduate,No,100.0,1,Urban,Y,3750.0,26.666666666666668,1,289.35185185185185,Medium Risk
Female,Yes,0,Graduate,No,128.0,1,Semiurban,Y,10047.0,12.740121429282372,2,792.8055555555555,Low Risk
Male,No,0,Graduate,No,50.0,1,Semiurban,Y,3777.0,13.238019592268996,1,303.1759259259259,Low Risk
Male,Yes,0,Graduate,No,128.0,1,Urban,Y,3338.0,38.34631515877771,2,248.53703703703707,Medium Risk
Male,No,0,Graduate,Yes,187.0,0,Urban,N,10416.0,17.953149001536097,1,824.7129629629629,High Risk
Female,Yes,0,Not Graduate,Yes,138.0,1,Rural,Y,7142.0,19.322318678241388,2,563.2222222222222,Low Risk
Male,No,0,Graduate,No,187.0,1,Semiurban,Y,8724.0,21.435121503897296,1,683.7129629629629,Low Risk
Male,Yes,0,Graduate,No,180.0,1,Rural,Y,9734.0,18.491884117526197,2,769.5,Low Risk
Male,No,3,Not Graduate,No,148.0,1,Semiurban,Y,6700.0,22.089552238805968,4,524.0740740740741,Low Risk
Male,No,1,Graduate,No,152.0,1,Semiurban,Y,12555.375,12.106368786276795,2,1011.0960648148148,Low Risk
Male,Yes,0,Graduate,No,175.0,1,Rural,Y,12555.375,13.938253536831835,2,997.6701388888889,Low Risk
Male,Yes,1,Graduate,Yes,130.0,1,Rural,Y,4676.0,27.80153977758768,3,359.5740740740741,Medium Risk
Male,Yes,2,Not Graduate,No,110.0,1,Rural,Y,4652.0,23.6457437661221,4,362.2037037037037,Low Risk
Male,Yes,0,Graduate,No,55.0,1,Rural,N,4915.0,11.190233977619531,2,396.85185185185185,Low Risk
Male,Yes,2,Graduate,No,150.0,0,Rural,N,5050.0,29.702970297029704,4,386.1111111111111,High Risk
Male,No,1,Not Graduate,Yes,190.0,1,Semiurban,N,4311.0,44.07330085826954,2,315.26851851851853,Medium Risk
Male,Yes,2,Not Graduate,No,125.0,0,Rural,N,3564.0,35.072951739618404,4,268.06481481481484,High Risk
Male,Yes,2,Not Graduate,No,60.0,1,Urban,Y,3414.0,17.57469244288225,4,267.8333333333333,Low Risk
Male,Yes,0,Graduate,No,149.0,0,Rural,N,5681.0,26.22777679985918,2,438.9259259259259,High Risk
Male,Yes,0,Graduate,No,90.0,0,Rural,Y,4949.0,18.185492018589613,2,370.75,High Risk
Male,No,0,Graduate,Yes,84.0,1,Semiurban,Y,7085.0,11.856033874382499,1,570.9722222222222,Low Risk
Male,Yes,2,Graduate,No,96.0,1,Semiurban,Y,3859.0,24.876911116869657,4,299.3611111111111,Medium Risk
Male,Yes,0,Graduate,No,118.0,1,Urban,Y,4301.0,27.435480120902113,2,331.10185185185185,Medium Risk
Male,Yes,0,Graduate,No,173.0,1,Urban,N,6277.0,27.560936753226063,2,483.03703703703707,Medium Risk
Male,No,2,Graduate,No,136.0,1,Rural,Y,4354.0,31.23564538355535,3,331.35185185185185,Medium Risk
Male,Yes,0,Graduate,No,160.0,1,Semiurban,N,8334.0,19.19846412287017,2,657.4629629629629,Low Risk
Male,Yes,0,Graduate,Yes,160.0,1,Semiurban,Y,6166.0,25.948751216347713,2,476.79629629629636,Medium Risk
Male,Yes,3,Graduate,No,128.0,1,Urban,Y,7740.0,16.537467700258397,5,585.7407407407408,Low Risk
Male,Yes,0,Graduate,No,153.0,1,Rural,Y,5203.0,29.406111858543145,2,398.16666666666663,Medium Risk
Female,No,1,Not Graduate,No,132.0,1,Semiurban,Y,5191.0,25.42862646888846,2,402.02777777777777,Medium Risk
Male,No,0,Graduate,No,98.0,0,Semiurban,N,4166.0,23.52376380220835,1,324.4814814814815,High Risk
Male,No,0,Graduate,No,140.0,1,Rural,Y,6000.0,23.333333333333332,1,467.5925925925926,Low Risk
Male,Yes,3,Not Graduate,No,70.0,0,Urban,N,4611.0,15.181088700932554,5,351.8425925925926,High Risk
Male,Yes,0,Graduate,No,110.0,1,Semiurban,Y,12555.375,8.761187937437153,2,1020.8182870370371,Low Risk
Female,Yes,2,Not Graduate,No,98.0,1,Semiurban,Y,3127.0,31.339942436840424,4,237.89814814814812,Medium Risk
Male,Yes,0,Graduate,No,110.0,1,Urban,N,6784.0,16.214622641509436,2,539.8703703703704,Low Risk
Male,Yes,1,Graduate,Yes,162.0,1,Semiurban,Y,5529.0,29.30005425935974,3,423.25,Medium Risk
Male,Yes,1,Not Graduate,No,113.0,0,Rural,N,4153.0,27.209246327955697,3,293.7685185185185,High Risk
Male,Yes,3,Graduate,No,100.0,1,Semiurban,Y,4691.0,21.317416329140908,5,367.76851851851853,Low Risk
Female,No,0,Graduate,Yes,93.0,1,Urban,Y,2500.0,37.2,1,186.80555555555557,Medium Risk
Male,No,2,Graduate,No,162.0,1,Rural,Y,10180.0,15.913555992141454,3,810.8333333333334,Low Risk
Male,Yes,2,Graduate,Yes,150.0,1,Rural,Y,12555.375,11.947074460141573,4,1011.5590277777778,Low Risk
Male,Yes,2,Graduate,No,230.0,1,Semiurban,Y,8450.0,27.218934911242606,4,640.2777777777777,Medium Risk
Male,Yes,2,Graduate,No,132.0,0,Semiurban,N,4745.0,27.81875658587987,4,364.86111111111114,High Risk
Male,Yes,1,Graduate,Yes,86.0,1,Semiurban,Y,12555.375,6.849656023814502,3,1026.3738425925926,Low Risk
Male,Yes,2,Graduate,No,128.0,1,Urban,N,4550.0,28.13186813186813,4,349.53703703703707,Medium Risk
Female,No,0,Not Graduate,No,154.0,1,Rural,Y,4350.0,35.40229885057472,1,326.85185185185185,Medium Risk
Male,Yes,3,Not Graduate,No,113.0,1,Rural,Y,3095.0,36.51050080775444,5,231.7592592592593,Medium Risk
Male,Yes,0,Graduate,No,128.0,1,Semiurban,Y,5233.0,24.460156697878848,2,406.4537037037037,Medium Risk
Male,Yes,0,Graduate,No,234.0,1,Semiurban,Y,10833.0,21.60066463583495,2,848.5833333333334,Low Risk
Male,Yes,2,Graduate,No,246.0,1,Semiurban,Y,8333.0,29.52118084723389,4,637.4722222222222,Medium Risk
Male,Yes,1,Not Graduate,No,131.0,1,Rural,Y,4394.0,29.813381884387802,3,335.8425925925926,Medium Risk
Male,No,2,Graduate,No,80.0,0,Rural,N,3547.0,22.55427121511136,3,277.0648148148148,High Risk
Male,Yes,1,Graduate,No,261.5,1,Urban,N,12555.375,20.827733142180143,3,985.7488425925926,Low Risk
Male,Yes,2,Graduate,Yes,160.0,1,Semiurban,Y,6666.0,24.002400240024002,4,518.4629629629629,Medium Risk
Male,No,0,Graduate,No,75.0,1,Urban,N,2435.0,30.80082135523614,1,185.55555555555554,Medium Risk
Male,No,0,Not Graduate,No,96.0,1,Semiurban,Y,5484.0,17.505470459518598,1,434.77777777777777,Low Risk
Male,Yes,1,Not Graduate,No,186.0,1,Urban,Y,6464.0,28.774752475247524,3,495.6111111111111,Medium Risk
Male,No,0,Not Graduate,No,110.0,1,Rural,Y,3691.0,29.80222162015714,1,282.1203703703703,Medium Risk
Female,No,0,Not Graduate,Yes,225.0,1,Semiurban,Y,12555.375,17.92061169021236,1,994.1979166666666,Low Risk
Male,Yes,0,Graduate,No,119.0,0,Rural,N,5754.0,20.681265206812654,2,451.9537037037037,High Risk
Female,Yes,1,Graduate,No,105.0,1,Semiurban,Y,4239.0,24.769992922859167,3,249.08333333333331,Medium Risk
Male,Yes,0,Not Graduate,No,107.0,1,Rural,Y,4300.0,24.88372093023256,2,333.5648148148148,Medium Risk
Male,Yes,0,Graduate,No,111.0,1,Urban,Y,7482.0,14.835605453087409,2,-147.33333333333337,Low Risk
Male,Yes,1,Graduate,Yes,95.0,1,Semiurban,Y,2895.0,32.81519861830743,3,219.25925925925927,Medium Risk
Male,No,0,Graduate,No,209.0,0,Rural,N,10699.0,19.534535937938124,1,843.2037037037037,High Risk
Female,No,0,Graduate,No,113.0,1,Rural,Y,4328.0,26.1090573012939,1,341.04861111111114,Medium Risk
Female,No,0,Graduate,No,100.0,1,Semiurban,Y,3159.0,31.65558721114277,1,240.10185185185185,Medium Risk
Male,Yes,2,Graduate,No,208.0,1,Semiurban,Y,10489.0,19.830298407855846,4,825.9351851851852,Low Risk
Male,Yes,1,Not Graduate,No,138.0,1,Rural,N,9352.0,14.756201881950384,3,747.3888888888889,Low Risk
Male,Yes,0,Not Graduate,No,124.0,1,Semiurban,Y,5297.0,23.409477062488204,2,406.97222222222223,Low Risk
Male,Yes,2,Graduate,No,243.0,1,Rural,Y,7926.0,30.658591975775927,4,604.25,Medium Risk
Male,Yes,0,Graduate,No,261.5,1,Urban,Y,12555.375,20.827733142180143,2,985.7488425925926,Low Risk
Male,No,0,Graduate,No,96.0,1,Urban,N,3583.0,26.793190064192018,1,276.3611111111111,Medium Risk
Male,Yes,0,Graduate,Yes,188.0,1,Urban,Y,5492.0,34.23160961398398,2,414.14814814814815,Medium Risk
Female,No,1,Graduate,No,40.0,1,Urban,Y,12555.375,3.1858865227044193,2,1037.0219907407406,Low Risk
Male,No,0,Not Graduate,No,100.0,1,Rural,N,4885.0,20.470829068577277,1,383.93518518518516,Low Risk
Male,Yes,1,Graduate,No,250.0,1,Semiurban,Y,8069.0,30.98277357789069,3,614.5462962962963,Medium Risk
Male,Yes,2,Graduate,No,148.0,1,Urban,Y,5318.0,27.83001128243701,4,408.90740740740745,Medium Risk
Male,Yes,0,Graduate,No,70.0,1,Semiurban,N,8796.0,7.958162801273307,2,700.5925925925926,Low Risk
Male,No,0,Graduate,No,261.5,1,Rural,N,9481.0,27.58147874696762,1,729.550925925926,Medium Risk
Male,Yes,3,Graduate,No,150.0,1,Rural,Y,6894.0,21.75805047867711,5,539.7777777777778,Low Risk
Female,Yes,2,Graduate,No,113.0,1,Semiurban,Y,3663.0,30.84903084903085,4,285.63194444444446,Medium Risk
Male,Yes,0,Not Graduate,No,123.0,0,Semiurban,N,4874.0,25.235945835043086,2,377.69444444444446,High Risk
Male,No,0,Graduate,No,185.0,1,Semiurban,N,6598.0,28.03879963625341,1,507.0092592592593,Medium Risk
Female,No,0,Not Graduate,No,95.0,1,Rural,N,3400.0,27.941176470588236,1,261.34259259259255,Medium Risk
Male,Yes,2,Not Graduate,No,45.0,1,Semiurban,Y,3934.0,11.438739196746313,4,317.41666666666663,Low Risk
Male,No,0,Graduate,No,55.0,1,Semiurban,Y,2500.0,22.0,1,195.60185185185185,Low Risk
Male,Yes,3,Graduate,Yes,100.0,1,Rural,Y,7101.0,14.08252358822701,5,568.6018518518518,Low Risk
Male,Yes,2,Graduate,Yes,261.5,1,Rural,Y,12555.375,20.827733142180143,4,985.7488425925926,Low Risk
Male,No,0,Graduate,No,128.0,1,Semiurban,N,6767.0,18.91532436825772,1,534.287037037037,Low Risk
Male,Yes,2,Graduate,Yes,261.5,1,Rural,Y,12555.375,20.827733142180143,4,985.7488425925926,Low Risk
Male,Yes,0,Graduate,No,110.0,1,Semiurban,Y,3775.0,29.13907284768212,2,289.1203703703703,Medium Risk
Male,Yes,1,Not Graduate,No,161.0,0,Semiurban,Y,6715.0,23.976172747580044,3,522.3148148148149,High Risk
Male,No,1,Not Graduate,No,94.0,1,Semiurban,Y,3981.0,23.61215774930922,2,309.99074074074076,Low Risk
Male,No,0,Not Graduate,No,130.0,1,Semiurban,Y,6783.0,19.165560961226596,1,535.1574074074074,Low Risk
Male,Yes,0,Graduate,No,216.0,1,Rural,Y,6525.0,33.103448275862064,2,493.75,Medium Risk
Male,Yes,3,Graduate,No,100.0,1,Urban,Y,4281.0,23.3590282644242,5,333.60185185185185,Low Risk
Male,No,2,Graduate,No,110.0,0,Rural,N,3588.0,30.657748049052397,3,273.537037037037,High Risk
Male,No,1,Graduate,No,196.0,1,Semiurban,N,11250.0,17.42222222222222,2,892.1296296296297,Low Risk
Female,No,0,Not Graduate,Yes,125.0,1,Urban,Y,12555.375,9.955895383451312,1,1017.3460648148148,Low Risk
Male,No,0,Not Graduate,No,126.0,1,Rural,Y,4592.0,27.439024390243905,1,353.5,Medium Risk
Male,Yes,0,Graduate,No,261.5,1,Urban,Y,10039.0,26.048411196334296,2,776.050925925926,Medium Risk
Male,No,2,Graduate,No,107.0,1,Semiurban,Y,3617.0,29.58252695604092,3,276.64814814814815,Medium Risk
Male,Yes,0,Not Graduate,No,66.0,1,Rural,N,3453.0,19.113814074717638,2,272.47222222222223,Low Risk
Male,Yes,3,Graduate,No,157.0,1,Rural,Y,6417.0,24.46626149290946,5,462.0648148148148,Medium Risk
Female,Yes,1,Graduate,No,140.0,1,Semiurban,Y,7453.0,18.784382128002147,3,556.2685185185186,Low Risk
Female,No,0,Graduate,No,99.0,0,Semiurban,N,2138.0,46.30495790458372,1,155.25,High Risk
Female,No,1,Graduate,No,95.0,1,Semiurban,Y,3652.0,26.013143483023,2,282.34259259259255,Medium Risk
Male,Yes,1,Not Graduate,No,128.0,1,Urban,Y,4763.0,26.873819021625028,3,367.28703703703707,Medium Risk
Female,Yes,0,Not Graduate,No,102.0,1,Semiurban,Y,3680.0,27.717391304347824,2,283.0555555555556,Medium Risk
Male,Yes,0,Graduate,No,155.0,1,Rural,Y,4718.0,32.852903772785076,2,357.28703703703707,Medium Risk
Male,No,0,Not Graduate,No,80.0,1,Semiurban,N,3358.0,23.823704586063133,1,94.64814814814812,Medium Risk
Male,No,0,Graduate,No,145.0,1,Rural,Y,4309.0,33.650498955674166,1,325.5185185185185,Medium Risk
Female,No,0,Graduate,No,103.0,0,Semiurban,N,5000.0,20.6,1,392.8240740740741,High Risk
Male,Yes,0,Graduate,No,110.0,1,Rural,Y,4801.0,22.911893355550927,2,374.6203703703703,Low Risk
Male,Yes,2,Graduate,Yes,128.0,0,Rural,N,6633.0,19.29745213327303,4,523.1203703703703,High Risk
Male,Yes,1,Not Graduate,No,128.0,1,Rural,Y,4867.0,26.299568522703925,3,375.9537037037037,Medium Risk
Male,Yes,1,Graduate,No,158.0,1,Urban,Y,6583.0,24.001215251405135,3,512.0092592592594,Medium Risk
Male,Yes,0,Not Graduate,No,181.0,0,Urban,N,4787.0,37.81073741382912,2,357.01851851851853,High Risk
Male,Yes,0,Graduate,No,132.0,0,Rural,N,7859.0,16.79603002926581,2,593.8055555555555,High Risk
Male,Yes,1,Graduate,No,26.0,1,Semiurban,Y,6500.0,4.0,3,535.6481481481482,Low Risk
Female,No,0,Graduate,No,84.0,1,Urban,Y,4292.0,19.5712954333644,1,338.22222222222223,Low Risk
Male,Yes,3,Graduate,Yes,260.0,1,Semiurban,Y,10139.0,25.643554591182564,5,784.7314814814814,Medium Risk
Male,Yes,0,Graduate,No,162.0,1,Semiurban,Y,6556.0,24.71018913971934,2,508.83333333333337,Medium Risk
Female,Yes,0,Graduate,No,182.0,1,Semiurban,Y,6486.0,28.0604378661733,2,498.3703703703704,Medium Risk
Male,Yes,2,Not Graduate,No,108.0,1,Semiurban,Y,3917.0,27.572121521572633,4,301.4166666666667,Medium Risk
Female,Yes,1,Graduate,Yes,261.5,1,Semiurban,Y,12555.375,20.827733142180143,3,985.7488425925926,Low Risk
Male,Yes,0,Graduate,No,211.0,1,Rural,Y,7977.0,26.45104675943337,2,615.9074074074074,Medium Risk
Male,No,0,Not Graduate,Yes,132.0,1,Semiurban,Y,5800.0,22.758620689655174,1,452.77777777777777,Low Risk
Male,Yes,2,Graduate,No,258.0,0,Urban,N,8799.0,29.32151380838732,4,673.5277777777778,High Risk
Male,Yes,0,Not Graduate,No,120.0,1,Rural,Y,4467.0,26.86366689053056,2,344.47222222222223,Medium Risk
Male,No,0,Graduate,No,70.0,1,Urban,Y,3333.0,21.002100210021002,1,261.5462962962963,Low Risk
Male,Yes,3,Graduate,No,123.0,0,Rural,N,5900.0,20.847457627118644,5,463.19444444444446,High Risk
Female,No,0,Graduate,No,9.0,1,Urban,N,2378.0,3.7846930193439863,1,196.08333333333331,Low Risk
Male,Yes,0,Graduate,No,104.0,0,Urban,N,5230.0,19.885277246653917,2,411.75925925925924,High Risk
Male,Yes,1,Graduate,No,186.0,1,Urban,Y,5167.0,35.99767756918909,3,387.52777777777777,Medium Risk
Male,Yes,0,Graduate,No,165.0,0,Urban,N,6567.0,25.125628140703515,2,509.05555555555554,High Risk
Male,Yes,2,Graduate,No,261.5,1,Urban,Y,12555.375,20.827733142180143,4,985.7488425925926,Low Risk
Male,Yes,2,Not Graduate,No,187.0,1,Semiurban,N,7750.0,24.129032258064516,4,613.3680555555555,Medium Risk
Male,Yes,3,Graduate,No,150.0,1,Semiurban,N,6406.0,23.415547923821418,5,499.11111111111114,Low Risk
Male,Yes,2,Graduate,No,108.0,1,Urban,Y,3620.0,29.834254143646408,4,194.52380952380952,Medium Risk
Male,Yes,0,Graduate,No,136.0,0,Semiurban,N,5297.0,25.674910326599964,2,409.9351851851852,High Risk
Male,No,0,Graduate,No,110.0,1,Urban,Y,5968.0,18.431635388739945,1,471.8703703703703,Low Risk
Male,Yes,1,Graduate,No,107.0,1,Rural,Y,4014.0,26.65670154459392,3,309.73148148148147,Medium Risk
Male,No,0,Graduate,No,161.0,1,Urban,Y,6099.0,26.397770126250204,1,470.98148148148147,Medium Risk
Male,Yes,2,Graduate,No,205.0,1,Semiurban,Y,6540.0,31.345565749235472,4,497.5462962962963,Medium Risk
Male,No,0,Graduate,No,90.0,1,Urban,N,12555.375,7.168244676084944,1,1025.4479166666667,Low Risk
Female,Yes,0,Graduate,No,36.0,1,Semiurban,Y,3166.0,11.37081490840177,2,255.49999999999997,Low Risk
Male,Yes,1,Graduate,No,61.0,1,Rural,N,1880.0,32.4468085106383,3,142.54629629629628,Medium Risk
Male,Yes,1,Graduate,No,146.0,0,Rural,N,4704.0,31.037414965986397,3,358.2037037037037,High Risk
Male,Yes,1,Graduate,No,172.0,1,Rural,N,7283.0,23.61664149388988,3,436.281746031746,Low Risk
Male,Yes,0,Graduate,No,104.0,1,Urban,Y,3819.0,27.23225975386227,2,294.1759259259259,Medium Risk
Female,No,0,Not Graduate,No,70.0,1,Semiurban,Y,2165.0,32.33256351039261,1,164.21296296296296,Medium Risk
Male,No,0,Graduate,No,94.0,1,Semiurban,Y,4750.0,19.789473684210527,1,374.0740740740741,Low Risk
Male,Yes,2,Graduate,Yes,106.0,0,Semiurban,N,2726.0,38.88481291269259,4,202.62962962962962,High Risk
Male,Yes,0,Graduate,No,56.0,1,Semiurban,Y,6416.0,8.728179551122194,2,508.7407407407407,Low Risk
Male,Yes,2,Graduate,Yes,205.0,1,Semiurban,N,6000.0,34.166666666666664,4,428.81944444444446,Medium Risk
Male,No,3,Graduate,Yes,261.5,1,Semiurban,Y,9357.0,27.946991557123013,4,719.2175925925926,Medium Risk
Male,Yes,0,Graduate,No,142.0,1,Rural,Y,7159.0,19.835172510127112,2,530.8425925925926,Low Risk
Male,Yes,0,Graduate,Yes,260.0,1,Urban,Y,12555.375,20.708262397578725,2,986.0960648148148,Low Risk
Male,No,0,Not Graduate,No,110.0,1,Rural,Y,3833.0,28.698147665014346,1,293.9537037037037,Medium Risk
Male,Yes,2,Not Graduate,Yes,187.0,1,Rural,N,7383.0,25.328457266693757,4,571.9629629629629,Medium Risk
Male,No,0,Graduate,No,88.0,0,Semiurban,N,2987.0,29.460997656511548,1,228.54629629629628,High Risk
Male,Yes,0,Graduate,Yes,180.0,1,Rural,Y,9963.0,18.066847335140018,2,788.5833333333334,Low Risk
Male,Yes,2,Graduate,No,192.0,1,Urban,Y,5780.0,33.21799307958477,4,437.22222222222223,Medium Risk
Female,No,3,Graduate,No,261.5,1,Urban,N,12555.375,20.827733142180143,4,925.2164351851852,Low Risk
Male,Yes,0,Not Graduate,No,155.0,1,Rural,Y,5686.0,27.259936686598664,2,437.9537037037037,Medium Risk
Male,Yes,3,Graduate,No,128.0,1,Urban,Y,5703.0,22.444327546905136,5,445.6203703703704,Low Risk
Male,No,0,Graduate,No,172.0,1,Rural,Y,7977.0,21.561990723329572,1,624.9351851851852,Low Risk
Female,Yes,1,Graduate,No,261.5,1,Semiurban,Y,12000.0,21.791666666666668,3,939.4675925925926,Low Risk
Male,Yes,0,Not Graduate,No,128.0,1,Urban,N,6200.0,20.64516129032258,2,457.4074074074074,Low Risk
Male,Yes,1,Graduate,No,173.0,1,Semiurban,Y,5900.0,29.322033898305083,3,451.6203703703704,Medium Risk
Male,Yes,2,Not Graduate,No,157.0,1,Rural,Y,5398.0,29.084846239347907,4,413.4907407407407,Medium Risk
Male,Yes,0,Graduate,No,108.0,1,Rural,Y,5182.0,20.841373986877652,2,406.8333333333333,Low Risk
Female,No,0,Graduate,No,71.0,1,Rural,Y,2900.0,24.482758620689655,1,225.23148148148147,Medium Risk
Male,Yes,3,Graduate,No,40.0,1,Rural,Y,4106.0,9.74184120798831,5,323.64814814814815,Low Risk
Male,Yes,1,Graduate,No,253.0,1,Urban,Y,8312.0,30.43792107795958,3,634.1018518518518,Medium Risk
Male,Yes,2,Graduate,No,187.0,1,Urban,Y,7583.0,24.660424634049846,4,588.6296296296296,Medium Risk
Female,No,0,Graduate,Yes,133.0,0,Semiurban,N,4583.0,29.02029238490072,1,351.1296296296297,High Risk
